gen_name,sc_name,tp_name,capacity_factor
1,sc1,1,1
2,sc1,1,1
3,sc1,1,1
4,sc1,1,1
5,sc1,1,1
6,sc1,1,1
7,sc1,1,1
8,sc1,1,1
9,sc1,1,1
10,sc1,1,1
11,sc1,1,1
12,sc1,1,1
13,sc1,1,1
14,sc1,1,1
15,sc1,1,1
16,sc1,1,1
17,sc1,1,1
18,sc1,1,1
19,sc1,1,1
20,sc1,1,1
21,sc1,1,1
22,sc1,1,1
23,sc1,1,1
24,sc1,1,1
25,sc1,1,1
26,sc1,1,1
27,sc1,1,1
28,sc1,1,1
29,sc1,1,1
30,sc1,1,1
31,sc1,1,1
32,sc1,1,1
33,sc1,1,1
34,sc1,1,1
35,sc1,1,1
36,sc1,1,1
37,sc1,1,1
38,sc1,1,1
39,sc1,1,1
40,sc1,1,1
41,sc1,1,1
42,sc1,1,1
43,sc1,1,1
44,sc1,1,1
45,sc1,1,1
46,sc1,1,1
47,sc1,1,1
48,sc1,1,1
49,sc1,1,1
50,sc1,1,1
51,sc1,1,1
52,sc1,1,1
53,sc1,1,1
54,sc1,1,1
55,sc1,1,1
56,sc1,1,1
57,sc1,1,1
58,sc1,1,1
59,sc1,1,1
60,sc1,1,1
61,sc1,1,1
62,sc1,1,1
63,sc1,1,1
64,sc1,1,1
65,sc1,1,1
66,sc1,1,1
67,sc1,1,1
68,sc1,1,1
69,sc1,1,1
70,sc1,1,1
71,sc1,1,1
72,sc1,1,1
73,sc1,1,1
74,sc1,1,1
75,sc1,1,1
76,sc1,1,1
77,sc1,1,1
78,sc1,1,1
79,sc1,1,1
80,sc1,1,1
81,sc1,1,1
82,sc1,1,1
83,sc1,1,1
84,sc1,1,1
85,sc1,1,1
86,sc1,1,1
87,sc1,1,1
88,sc1,1,1
89,sc1,1,1
90,sc1,1,1
91,sc1,1,1
92,sc1,1,1
93,sc1,1,1
94,sc1,1,1
95,sc1,1,1
96,sc1,1,1
97,sc1,1,1
98,sc1,1,1
99,sc1,1,1
100,sc1,1,1
101,sc1,1,1
102,sc1,1,1
103,sc1,1,1
104,sc1,1,1
105,sc1,1,1
106,sc1,1,1
107,sc1,1,1
108,sc1,1,1
109,sc1,1,1
110,sc1,1,1
111,sc1,1,1
112,sc1,1,1
113,sc1,1,1
114,sc1,1,1
115,sc1,1,1
116,sc1,1,1
117,sc1,1,1
118,sc1,1,1
119,sc1,1,1
120,sc1,1,1
121,sc1,1,1
122,sc1,1,1
123,sc1,1,1
124,sc1,1,1
125,sc1,1,1
126,sc1,1,1
127,sc1,1,1
128,sc1,1,1
129,sc1,1,1
130,sc1,1,1
131,sc1,1,1
132,sc1,1,1
133,sc1,1,1
134,sc1,1,1
135,sc1,1,1
136,sc1,1,1
137,sc1,1,1
138,sc1,1,1
139,sc1,1,1
140,sc1,1,1
141,sc1,1,1
142,sc1,1,1
143,sc1,1,1
144,sc1,1,1
145,sc1,1,1
146,sc1,1,1
147,sc1,1,1
148,sc1,1,1
149,sc1,1,1
150,sc1,1,1
151,sc1,1,1
152,sc1,1,1
153,sc1,1,1
154,sc1,1,1
155,sc1,1,1
156,sc1,1,1
157,sc1,1,1
158,sc1,1,1
159,sc1,1,1
160,sc1,1,1
161,sc1,1,1
162,sc1,1,1
163,sc1,1,1
164,sc1,1,1
165,sc1,1,1
166,sc1,1,1
167,sc1,1,1
168,sc1,1,1
169,sc1,1,1
170,sc1,1,1
171,sc1,1,1
172,sc1,1,1
173,sc1,1,1
174,sc1,1,1
175,sc1,1,1
176,sc1,1,1
177,sc1,1,1
178,sc1,1,1
179,sc1,1,1
180,sc1,1,1
181,sc1,1,1
182,sc1,1,1
183,sc1,1,1
184,sc1,1,1
185,sc1,1,1
186,sc1,1,1
187,sc1,1,1
188,sc1,1,1
189,sc1,1,1
190,sc1,1,1
191,sc1,1,1
192,sc1,1,1
193,sc1,1,1
194,sc1,1,1
195,sc1,1,1
196,sc1,1,1
197,sc1,1,1
198,sc1,1,1
199,sc1,1,1
200,sc1,1,1
201,sc1,1,1
202,sc1,1,1
203,sc1,1,1
204,sc1,1,1
205,sc1,1,1
206,sc1,1,1
207,sc1,1,1
208,sc1,1,1
209,sc1,1,1
210,sc1,1,1
211,sc1,1,1
212,sc1,1,1
213,sc1,1,1
214,sc1,1,1
215,sc1,1,1
216,sc1,1,1
217,sc1,1,1
218,sc1,1,1
219,sc1,1,1
220,sc1,1,1
221,sc1,1,1
222,sc1,1,1
223,sc1,1,1
224,sc1,1,1
225,sc1,1,1
226,sc1,1,1
227,sc1,1,1
228,sc1,1,1
229,sc1,1,1
230,sc1,1,1
231,sc1,1,1
232,sc1,1,1
233,sc1,1,1
234,sc1,1,1
235,sc1,1,1
236,sc1,1,1
237,sc1,1,1
238,sc1,1,1
239,sc1,1,1
240,sc1,1,1
241,sc1,1,1
242,sc1,1,1
243,sc1,1,1
244,sc1,1,1
245,sc1,1,1
246,sc1,1,1
247,sc1,1,1
248,sc1,1,1
249,sc1,1,1
250,sc1,1,1
251,sc1,1,1
252,sc1,1,1
253,sc1,1,1
254,sc1,1,1
255,sc1,1,1
256,sc1,1,1
257,sc1,1,1
258,sc1,1,1
259,sc1,1,1
260,sc1,1,1
261,sc1,1,1
262,sc1,1,1
263,sc1,1,1
264,sc1,1,1
265,sc1,1,1
266,sc1,1,1
267,sc1,1,1
268,sc1,1,1
269,sc1,1,1
270,sc1,1,1
271,sc1,1,1
272,sc1,1,1
273,sc1,1,1
274,sc1,1,1
275,sc1,1,1
276,sc1,1,1
277,sc1,1,1
278,sc1,1,1
279,sc1,1,1
280,sc1,1,1
281,sc1,1,1
282,sc1,1,1
283,sc1,1,1
284,sc1,1,1
285,sc1,1,1
286,sc1,1,1
287,sc1,1,1
288,sc1,1,1
289,sc1,1,1
290,sc1,1,1
291,sc1,1,1
292,sc1,1,1
293,sc1,1,1
294,sc1,1,1
295,sc1,1,1
296,sc1,1,1
297,sc1,1,1
298,sc1,1,1
299,sc1,1,1
300,sc1,1,1
301,sc1,1,1
302,sc1,1,1
303,sc1,1,1
304,sc1,1,1
305,sc1,1,1
306,sc1,1,1
307,sc1,1,1
308,sc1,1,1
309,sc1,1,1
310,sc1,1,1
311,sc1,1,1
312,sc1,1,1
313,sc1,1,1
314,sc1,1,1
315,sc1,1,1
316,sc1,1,1
317,sc1,1,1
318,sc1,1,1
319,sc1,1,1
320,sc1,1,1
321,sc1,1,1
322,sc1,1,1
323,sc1,1,1
324,sc1,1,1
325,sc1,1,1
326,sc1,1,1
327,sc1,1,1
328,sc1,1,1
329,sc1,1,1
330,sc1,1,1
331,sc1,1,1
332,sc1,1,1
333,sc1,1,1
334,sc1,1,1
335,sc1,1,1
336,sc1,1,1
337,sc1,1,1
338,sc1,1,1
339,sc1,1,1
340,sc1,1,1
341,sc1,1,1
342,sc1,1,1
343,sc1,1,1
344,sc1,1,1
345,sc1,1,1
346,sc1,1,1
347,sc1,1,1
348,sc1,1,1
349,sc1,1,1
350,sc1,1,1
351,sc1,1,1
352,sc1,1,1
353,sc1,1,1
354,sc1,1,1
355,sc1,1,1
356,sc1,1,1
357,sc1,1,1
358,sc1,1,1
359,sc1,1,1
360,sc1,1,1
361,sc1,1,1
362,sc1,1,1
363,sc1,1,1
364,sc1,1,1
365,sc1,1,1
366,sc1,1,1
367,sc1,1,1
368,sc1,1,1
369,sc1,1,1
370,sc1,1,1
371,sc1,1,1
372,sc1,1,1
373,sc1,1,1
374,sc1,1,1
375,sc1,1,1
376,sc1,1,1
377,sc1,1,1
378,sc1,1,1
379,sc1,1,1
380,sc1,1,1
381,sc1,1,1
382,sc1,1,1
383,sc1,1,1
384,sc1,1,1
385,sc1,1,1
386,sc1,1,1
387,sc1,1,1
388,sc1,1,1
389,sc1,1,1
390,sc1,1,1
391,sc1,1,1
392,sc1,1,1
393,sc1,1,1
394,sc1,1,1
395,sc1,1,1
396,sc1,1,1
397,sc1,1,1
398,sc1,1,1
399,sc1,1,1
400,sc1,1,1
401,sc1,1,1
402,sc1,1,1
403,sc1,1,1
404,sc1,1,1
405,sc1,1,1
406,sc1,1,1
407,sc1,1,1
408,sc1,1,1
409,sc1,1,1
410,sc1,1,1
411,sc1,1,1
412,sc1,1,1
413,sc1,1,1
414,sc1,1,1
415,sc1,1,1
416,sc1,1,1
417,sc1,1,1
418,sc1,1,1
419,sc1,1,1
420,sc1,1,1
421,sc1,1,1
422,sc1,1,1
423,sc1,1,1
424,sc1,1,1
425,sc1,1,1
426,sc1,1,1
427,sc1,1,1
428,sc1,1,1
429,sc1,1,1
430,sc1,1,1
431,sc1,1,1
432,sc1,1,1
433,sc1,1,1
434,sc1,1,1
435,sc1,1,1
436,sc1,1,1
437,sc1,1,1
438,sc1,1,1
439,sc1,1,1
440,sc1,1,1
441,sc1,1,1
442,sc1,1,1
443,sc1,1,1
444,sc1,1,1
445,sc1,1,1
446,sc1,1,1
447,sc1,1,1
448,sc1,1,1
449,sc1,1,1
450,sc1,1,1
451,sc1,1,1
452,sc1,1,1
453,sc1,1,1
454,sc1,1,1
455,sc1,1,1
456,sc1,1,1
457,sc1,1,1
458,sc1,1,1
459,sc1,1,1
460,sc1,1,1
461,sc1,1,1
462,sc1,1,1
463,sc1,1,1
464,sc1,1,1
465,sc1,1,1
466,sc1,1,1
467,sc1,1,1
468,sc1,1,1
469,sc1,1,1
470,sc1,1,1
471,sc1,1,1
472,sc1,1,1
473,sc1,1,1
474,sc1,1,1
475,sc1,1,1
476,sc1,1,1
477,sc1,1,1
478,sc1,1,1
479,sc1,1,1
480,sc1,1,1
481,sc1,1,1
482,sc1,1,1
483,sc1,1,1
484,sc1,1,1
485,sc1,1,1
486,sc1,1,1
487,sc1,1,1
488,sc1,1,1
489,sc1,1,1
490,sc1,1,1
491,sc1,1,1
492,sc1,1,1
493,sc1,1,1
494,sc1,1,1
495,sc1,1,1
496,sc1,1,1
497,sc1,1,1
498,sc1,1,1
499,sc1,1,1
500,sc1,1,1
501,sc1,1,1
502,sc1,1,1
503,sc1,1,1
504,sc1,1,1
505,sc1,1,1
506,sc1,1,1
507,sc1,1,1
508,sc1,1,1
509,sc1,1,1
510,sc1,1,1
511,sc1,1,1
512,sc1,1,1
513,sc1,1,1
514,sc1,1,1
515,sc1,1,1
516,sc1,1,1
517,sc1,1,1
518,sc1,1,1
519,sc1,1,1
520,sc1,1,1
521,sc1,1,1
522,sc1,1,1
523,sc1,1,1
524,sc1,1,1
525,sc1,1,1
526,sc1,1,1
527,sc1,1,1
528,sc1,1,1
529,sc1,1,1
530,sc1,1,1
531,sc1,1,1
532,sc1,1,1
533,sc1,1,1
534,sc1,1,1
535,sc1,1,1
536,sc1,1,1
537,sc1,1,1
538,sc1,1,1
539,sc1,1,1
540,sc1,1,1
541,sc1,1,1
542,sc1,1,1
543,sc1,1,1
544,sc1,1,1
545,sc1,1,1
546,sc1,1,1
547,sc1,1,1
548,sc1,1,1
549,sc1,1,1
550,sc1,1,1
551,sc1,1,1
552,sc1,1,1
553,sc1,1,1
554,sc1,1,1
555,sc1,1,1
556,sc1,1,1
557,sc1,1,1
558,sc1,1,1
559,sc1,1,1
560,sc1,1,1
561,sc1,1,1
562,sc1,1,1
563,sc1,1,1
564,sc1,1,1
565,sc1,1,1
566,sc1,1,1
567,sc1,1,1
568,sc1,1,1
569,sc1,1,1
570,sc1,1,1
571,sc1,1,1
572,sc1,1,1
573,sc1,1,1
574,sc1,1,1
575,sc1,1,1
576,sc1,1,1
577,sc1,1,1
578,sc1,1,1
579,sc1,1,1
580,sc1,1,1
581,sc1,1,1
582,sc1,1,1
583,sc1,1,1
584,sc1,1,1
585,sc1,1,1
586,sc1,1,1
587,sc1,1,1
588,sc1,1,1
589,sc1,1,1
590,sc1,1,1
591,sc1,1,1
592,sc1,1,1
593,sc1,1,1
594,sc1,1,1
595,sc1,1,1
596,sc1,1,1
597,sc1,1,1
598,sc1,1,1
599,sc1,1,1
600,sc1,1,1
601,sc1,1,1
602,sc1,1,1
603,sc1,1,1
604,sc1,1,1
605,sc1,1,1
606,sc1,1,1
607,sc1,1,1
608,sc1,1,1
609,sc1,1,1
610,sc1,1,1
611,sc1,1,1
612,sc1,1,1
613,sc1,1,1
614,sc1,1,1
615,sc1,1,1
616,sc1,1,1
617,sc1,1,1
618,sc1,1,1
619,sc1,1,1
620,sc1,1,1
621,sc1,1,1
622,sc1,1,1
623,sc1,1,1
624,sc1,1,1
625,sc1,1,1
626,sc1,1,1
627,sc1,1,1
628,sc1,1,1
629,sc1,1,1
630,sc1,1,1
631,sc1,1,1
632,sc1,1,1
633,sc1,1,1
634,sc1,1,1
635,sc1,1,1
636,sc1,1,1
637,sc1,1,1
638,sc1,1,1
639,sc1,1,1
640,sc1,1,1
641,sc1,1,1
642,sc1,1,1
643,sc1,1,1
644,sc1,1,1
645,sc1,1,1
646,sc1,1,1
647,sc1,1,1
648,sc1,1,1
649,sc1,1,1
650,sc1,1,1
651,sc1,1,1
652,sc1,1,1
653,sc1,1,1
654,sc1,1,1
655,sc1,1,1
656,sc1,1,1
657,sc1,1,1
658,sc1,1,1
659,sc1,1,1
660,sc1,1,1
661,sc1,1,1
662,sc1,1,1
663,sc1,1,1
664,sc1,1,1
665,sc1,1,1
666,sc1,1,1
667,sc1,1,1
668,sc1,1,1
669,sc1,1,1
670,sc1,1,1
671,sc1,1,1
672,sc1,1,1
673,sc1,1,1
674,sc1,1,1
675,sc1,1,1
676,sc1,1,1
677,sc1,1,1
678,sc1,1,1
679,sc1,1,1
680,sc1,1,1
681,sc1,1,1
682,sc1,1,1
683,sc1,1,1
684,sc1,1,1
685,sc1,1,1
686,sc1,1,1
687,sc1,1,1
688,sc1,1,1
689,sc1,1,1
690,sc1,1,1
691,sc1,1,1
692,sc1,1,1
693,sc1,1,1
694,sc1,1,1
695,sc1,1,1
696,sc1,1,1
697,sc1,1,1
698,sc1,1,1
699,sc1,1,1
700,sc1,1,1
701,sc1,1,1
702,sc1,1,1
703,sc1,1,1
704,sc1,1,1
705,sc1,1,1
706,sc1,1,1
707,sc1,1,1
708,sc1,1,1
709,sc1,1,1
710,sc1,1,1
711,sc1,1,1
712,sc1,1,1
713,sc1,1,1
714,sc1,1,1
715,sc1,1,1
716,sc1,1,1
717,sc1,1,1
718,sc1,1,1
719,sc1,1,1
720,sc1,1,1
721,sc1,1,1
722,sc1,1,1
723,sc1,1,1
724,sc1,1,1
725,sc1,1,1
726,sc1,1,1
727,sc1,1,1
728,sc1,1,1
729,sc1,1,1
730,sc1,1,1
731,sc1,1,1
732,sc1,1,1
733,sc1,1,1
734,sc1,1,1
735,sc1,1,1
736,sc1,1,1
737,sc1,1,1
738,sc1,1,1
739,sc1,1,1
740,sc1,1,1
741,sc1,1,1
742,sc1,1,1
743,sc1,1,1
744,sc1,1,1
745,sc1,1,1
746,sc1,1,1
747,sc1,1,1
748,sc1,1,1
749,sc1,1,1
750,sc1,1,1
751,sc1,1,1
752,sc1,1,1
753,sc1,1,1
754,sc1,1,1
755,sc1,1,1
756,sc1,1,1
757,sc1,1,1
758,sc1,1,1
759,sc1,1,1
760,sc1,1,1
761,sc1,1,1
762,sc1,1,1
763,sc1,1,1
764,sc1,1,1
765,sc1,1,1
766,sc1,1,1
767,sc1,1,1
768,sc1,1,1
769,sc1,1,1
770,sc1,1,1
771,sc1,1,1
772,sc1,1,1
773,sc1,1,1
774,sc1,1,1
775,sc1,1,1
776,sc1,1,1
777,sc1,1,1
778,sc1,1,1
779,sc1,1,1
780,sc1,1,1
781,sc1,1,1
782,sc1,1,1
783,sc1,1,1
784,sc1,1,1
785,sc1,1,1
786,sc1,1,1
787,sc1,1,1
788,sc1,1,1
789,sc1,1,1
790,sc1,1,1
791,sc1,1,1
792,sc1,1,1
793,sc1,1,1
794,sc1,1,1
795,sc1,1,1
796,sc1,1,1
797,sc1,1,1
798,sc1,1,1
799,sc1,1,1
800,sc1,1,1
801,sc1,1,1
802,sc1,1,1
803,sc1,1,1
804,sc1,1,1
805,sc1,1,1
806,sc1,1,1
807,sc1,1,1
808,sc1,1,1
809,sc1,1,1
810,sc1,1,1
811,sc1,1,1
812,sc1,1,1
813,sc1,1,1
814,sc1,1,1
815,sc1,1,1
816,sc1,1,1
817,sc1,1,1
818,sc1,1,1
819,sc1,1,1
820,sc1,1,1
821,sc1,1,1
822,sc1,1,1
823,sc1,1,1
824,sc1,1,1
825,sc1,1,1
826,sc1,1,1
827,sc1,1,1
828,sc1,1,1
829,sc1,1,1
830,sc1,1,1
831,sc1,1,1
832,sc1,1,1
833,sc1,1,1
834,sc1,1,1
835,sc1,1,1
836,sc1,1,1
837,sc1,1,1
838,sc1,1,1
839,sc1,1,1
840,sc1,1,1
841,sc1,1,1
842,sc1,1,1
843,sc1,1,1
844,sc1,1,1
845,sc1,1,1
846,sc1,1,1
847,sc1,1,1
848,sc1,1,1
849,sc1,1,1
850,sc1,1,1
851,sc1,1,1
852,sc1,1,1
853,sc1,1,1
854,sc1,1,1
855,sc1,1,1
856,sc1,1,1
857,sc1,1,1
858,sc1,1,1
859,sc1,1,1
860,sc1,1,1
861,sc1,1,1
862,sc1,1,1
863,sc1,1,1
864,sc1,1,1
865,sc1,1,1
866,sc1,1,1
867,sc1,1,1
868,sc1,1,1
869,sc1,1,1
870,sc1,1,1
871,sc1,1,1
872,sc1,1,1
873,sc1,1,1
874,sc1,1,1
875,sc1,1,1
876,sc1,1,1
877,sc1,1,1
878,sc1,1,1
879,sc1,1,1
880,sc1,1,1
881,sc1,1,1
882,sc1,1,1
883,sc1,1,1
884,sc1,1,1
885,sc1,1,1
886,sc1,1,1
887,sc1,1,1
888,sc1,1,1
889,sc1,1,1
890,sc1,1,1
891,sc1,1,1
892,sc1,1,1
893,sc1,1,1
894,sc1,1,1
895,sc1,1,1
896,sc1,1,1
897,sc1,1,1
898,sc1,1,1
899,sc1,1,1
900,sc1,1,1
901,sc1,1,1
902,sc1,1,1
903,sc1,1,1
904,sc1,1,1
905,sc1,1,1
906,sc1,1,1
907,sc1,1,1
908,sc1,1,1
909,sc1,1,1
910,sc1,1,1
911,sc1,1,1
912,sc1,1,1
913,sc1,1,1
914,sc1,1,1
915,sc1,1,1
916,sc1,1,1
917,sc1,1,1
918,sc1,1,1
919,sc1,1,1
920,sc1,1,1
921,sc1,1,1
922,sc1,1,1
923,sc1,1,1
924,sc1,1,1
925,sc1,1,1
926,sc1,1,1
927,sc1,1,1
928,sc1,1,1
929,sc1,1,1
930,sc1,1,1
931,sc1,1,1
932,sc1,1,1
933,sc1,1,1
934,sc1,1,1
935,sc1,1,1
936,sc1,1,1
937,sc1,1,1
938,sc1,1,1
939,sc1,1,1
940,sc1,1,1
941,sc1,1,1
942,sc1,1,1
943,sc1,1,1
944,sc1,1,1
945,sc1,1,1
946,sc1,1,1
947,sc1,1,1
948,sc1,1,1
949,sc1,1,1
950,sc1,1,1
951,sc1,1,1
952,sc1,1,1
953,sc1,1,1
954,sc1,1,1
955,sc1,1,1
956,sc1,1,1
957,sc1,1,1
958,sc1,1,1
959,sc1,1,1
960,sc1,1,1
961,sc1,1,1
962,sc1,1,1
963,sc1,1,1
964,sc1,1,1
965,sc1,1,1
966,sc1,1,1
967,sc1,1,1
968,sc1,1,1
969,sc1,1,1
970,sc1,1,1
971,sc1,1,1
972,sc1,1,1
973,sc1,1,1
974,sc1,1,1
975,sc1,1,1
976,sc1,1,1
977,sc1,1,1
978,sc1,1,1
979,sc1,1,1
980,sc1,1,1
981,sc1,1,1
982,sc1,1,1
983,sc1,1,1
984,sc1,1,1
985,sc1,1,1
986,sc1,1,1
987,sc1,1,1
988,sc1,1,1
989,sc1,1,1
990,sc1,1,1
991,sc1,1,1
992,sc1,1,1
993,sc1,1,1
994,sc1,1,1
995,sc1,1,1
996,sc1,1,1
997,sc1,1,1
998,sc1,1,1
999,sc1,1,1
1000,sc1,1,1
1001,sc1,1,1
1002,sc1,1,1
1003,sc1,1,1
1004,sc1,1,1
1005,sc1,1,1
1006,sc1,1,1
1007,sc1,1,1
1008,sc1,1,1
1009,sc1,1,1
1010,sc1,1,1
1011,sc1,1,1
1012,sc1,1,1
1013,sc1,1,1
1014,sc1,1,1
1015,sc1,1,1
1016,sc1,1,1
1017,sc1,1,1
1018,sc1,1,1
1019,sc1,1,1
1020,sc1,1,1
1021,sc1,1,1
1022,sc1,1,1
1023,sc1,1,1
1024,sc1,1,1
1025,sc1,1,1
1026,sc1,1,1
1027,sc1,1,1
1028,sc1,1,1
1029,sc1,1,1
1030,sc1,1,1
1031,sc1,1,1
1032,sc1,1,1
1033,sc1,1,1
1034,sc1,1,1
1035,sc1,1,1
1036,sc1,1,1
1037,sc1,1,1
1038,sc1,1,1
1039,sc1,1,1
1040,sc1,1,1
1041,sc1,1,1
1042,sc1,1,1
1043,sc1,1,1
1044,sc1,1,1
1045,sc1,1,1
1046,sc1,1,1
1047,sc1,1,1
1048,sc1,1,1
1049,sc1,1,1
1050,sc1,1,1
1051,sc1,1,1
1052,sc1,1,1
1053,sc1,1,1
1054,sc1,1,1
1055,sc1,1,1
1056,sc1,1,1
1057,sc1,1,1
1058,sc1,1,1
1059,sc1,1,1
1060,sc1,1,1
1061,sc1,1,1
1062,sc1,1,1
1063,sc1,1,1
1064,sc1,1,1
1065,sc1,1,1
1066,sc1,1,1
1067,sc1,1,1
1068,sc1,1,1
1069,sc1,1,1
1070,sc1,1,1
1071,sc1,1,1
1072,sc1,1,1
1073,sc1,1,1
1074,sc1,1,1
1075,sc1,1,1
1076,sc1,1,1
1077,sc1,1,1
1078,sc1,1,1
1079,sc1,1,1
1080,sc1,1,1
1081,sc1,1,1
1082,sc1,1,1
1083,sc1,1,1
1084,sc1,1,1
1085,sc1,1,1
1086,sc1,1,1
1087,sc1,1,1
1088,sc1,1,1
1089,sc1,1,1
1090,sc1,1,1
1091,sc1,1,1
1092,sc1,1,1
1093,sc1,1,1
1094,sc1,1,1
1095,sc1,1,1
1096,sc1,1,1
1097,sc1,1,1
1098,sc1,1,1
1099,sc1,1,1
1100,sc1,1,1
1101,sc1,1,1
1102,sc1,1,1
1103,sc1,1,1
1104,sc1,1,1
1105,sc1,1,1
1106,sc1,1,1
1107,sc1,1,1
1108,sc1,1,1
1109,sc1,1,1
1110,sc1,1,1
1111,sc1,1,1
1112,sc1,1,1
1113,sc1,1,1
1114,sc1,1,1
1115,sc1,1,1
1116,sc1,1,1
1117,sc1,1,1
1118,sc1,1,1
1119,sc1,1,1
1120,sc1,1,1
1121,sc1,1,1
1122,sc1,1,1
1123,sc1,1,1
1124,sc1,1,1
1125,sc1,1,1
1126,sc1,1,1
1127,sc1,1,1
1128,sc1,1,1
1129,sc1,1,1
1130,sc1,1,1
1131,sc1,1,1
1132,sc1,1,1
1133,sc1,1,1
1134,sc1,1,1
1135,sc1,1,1
1136,sc1,1,1
1137,sc1,1,1
1138,sc1,1,1
1139,sc1,1,1
1140,sc1,1,1
1141,sc1,1,1
1142,sc1,1,1
1143,sc1,1,1
1144,sc1,1,1
1145,sc1,1,1
1146,sc1,1,1
1147,sc1,1,1
1148,sc1,1,1
1149,sc1,1,1
1150,sc1,1,1
1151,sc1,1,1
1152,sc1,1,1
1153,sc1,1,1
1154,sc1,1,1
1155,sc1,1,1
1156,sc1,1,1
1157,sc1,1,1
1158,sc1,1,1
1159,sc1,1,1
1160,sc1,1,1
1161,sc1,1,1
1162,sc1,1,1
1163,sc1,1,1
1164,sc1,1,1
1165,sc1,1,1
1166,sc1,1,1
1167,sc1,1,1
1168,sc1,1,1
1169,sc1,1,1
1170,sc1,1,1
1171,sc1,1,1
1172,sc1,1,1
1173,sc1,1,1
1174,sc1,1,1
1175,sc1,1,1
1176,sc1,1,1
1177,sc1,1,1
1178,sc1,1,1
1179,sc1,1,1
1180,sc1,1,1
1181,sc1,1,1
1182,sc1,1,1
1183,sc1,1,1
1184,sc1,1,1
1185,sc1,1,1
1186,sc1,1,1
1187,sc1,1,1
1188,sc1,1,1
1189,sc1,1,1
1190,sc1,1,1
1191,sc1,1,1
1192,sc1,1,1
1193,sc1,1,1
1194,sc1,1,1
1195,sc1,1,1
1196,sc1,1,1
1197,sc1,1,1
1198,sc1,1,1
1199,sc1,1,1
1200,sc1,1,1
1201,sc1,1,1
1202,sc1,1,1
1203,sc1,1,1
1204,sc1,1,1
1205,sc1,1,1
1206,sc1,1,1
1207,sc1,1,1
1208,sc1,1,1
1209,sc1,1,1
1210,sc1,1,1
1211,sc1,1,1
1212,sc1,1,1
1213,sc1,1,1
1214,sc1,1,1
1215,sc1,1,1
1216,sc1,1,1
1217,sc1,1,1
1218,sc1,1,1
1219,sc1,1,1
1220,sc1,1,1
1221,sc1,1,1
1222,sc1,1,1
1223,sc1,1,1
1224,sc1,1,1
1225,sc1,1,1
1226,sc1,1,1
1227,sc1,1,1
1228,sc1,1,1
1229,sc1,1,1
1230,sc1,1,1
1231,sc1,1,1
1232,sc1,1,1
1233,sc1,1,1
1234,sc1,1,1
1235,sc1,1,1
1236,sc1,1,1
1237,sc1,1,1
1238,sc1,1,1
1239,sc1,1,1
1240,sc1,1,1
1241,sc1,1,1
1242,sc1,1,1
1243,sc1,1,1
1244,sc1,1,1
1245,sc1,1,1
1246,sc1,1,1
1247,sc1,1,1
1248,sc1,1,1
1249,sc1,1,1
1250,sc1,1,1
1251,sc1,1,1
1252,sc1,1,1
1253,sc1,1,1
1254,sc1,1,1
1255,sc1,1,1
1256,sc1,1,1
1257,sc1,1,1
1258,sc1,1,1
1259,sc1,1,1
1260,sc1,1,1
1261,sc1,1,1
1262,sc1,1,1
1263,sc1,1,1
1264,sc1,1,1
1265,sc1,1,1
1266,sc1,1,1
1267,sc1,1,1
1268,sc1,1,1
1269,sc1,1,1
1270,sc1,1,1
1271,sc1,1,1
1272,sc1,1,1
1273,sc1,1,1
1274,sc1,1,1
1275,sc1,1,1
1276,sc1,1,1
1277,sc1,1,1
1278,sc1,1,1
1279,sc1,1,1
1280,sc1,1,1
1281,sc1,1,1
1282,sc1,1,1
1283,sc1,1,1
1284,sc1,1,1
1285,sc1,1,1
1286,sc1,1,1
1287,sc1,1,1
1288,sc1,1,1
1289,sc1,1,1
1290,sc1,1,1
1291,sc1,1,1
1292,sc1,1,1
1293,sc1,1,1
1294,sc1,1,1
1295,sc1,1,1
1296,sc1,1,1
1297,sc1,1,1
1298,sc1,1,1
1299,sc1,1,1
1300,sc1,1,1
1301,sc1,1,1
1302,sc1,1,1
1303,sc1,1,1
1304,sc1,1,1
1305,sc1,1,1
1306,sc1,1,1
1307,sc1,1,1
1308,sc1,1,1
1309,sc1,1,1
1310,sc1,1,1
1311,sc1,1,1
1312,sc1,1,1
1313,sc1,1,1
1314,sc1,1,1
1315,sc1,1,1
1316,sc1,1,1
1317,sc1,1,1
1318,sc1,1,1
1319,sc1,1,1
1320,sc1,1,1
1321,sc1,1,1
1322,sc1,1,1
1323,sc1,1,1
1324,sc1,1,1
1325,sc1,1,1
1326,sc1,1,1
1327,sc1,1,1
1328,sc1,1,1
1329,sc1,1,1
1330,sc1,1,1
1331,sc1,1,1
1332,sc1,1,1
1333,sc1,1,1
1334,sc1,1,1
1335,sc1,1,1
1336,sc1,1,1
1337,sc1,1,1
1338,sc1,1,1
1339,sc1,1,1
1340,sc1,1,1
1341,sc1,1,1
1342,sc1,1,1
1343,sc1,1,1
1344,sc1,1,1
1345,sc1,1,1
1346,sc1,1,1
1347,sc1,1,1
1348,sc1,1,1
1349,sc1,1,1
1350,sc1,1,1
1351,sc1,1,1
1352,sc1,1,1
1353,sc1,1,1
1354,sc1,1,1
1355,sc1,1,1
1356,sc1,1,1
1357,sc1,1,1
1358,sc1,1,1
1359,sc1,1,1
1360,sc1,1,1
1361,sc1,1,1
1362,sc1,1,1
1363,sc1,1,1
1364,sc1,1,1
1365,sc1,1,1
1366,sc1,1,1
1367,sc1,1,1
1368,sc1,1,1
1369,sc1,1,1
1370,sc1,1,1
1371,sc1,1,1
1372,sc1,1,1
1373,sc1,1,1
1374,sc1,1,1
1375,sc1,1,1
1376,sc1,1,1
1377,sc1,1,1
1378,sc1,1,1
1379,sc1,1,1
1380,sc1,1,1
1381,sc1,1,1
1382,sc1,1,1
1383,sc1,1,1
1384,sc1,1,1
1385,sc1,1,1
1386,sc1,1,1
1387,sc1,1,1
1388,sc1,1,1
1389,sc1,1,1
1390,sc1,1,1
1391,sc1,1,1
1392,sc1,1,1
1393,sc1,1,1
1394,sc1,1,1
1395,sc1,1,1
1396,sc1,1,1
1397,sc1,1,1
1398,sc1,1,1
1399,sc1,1,1
1400,sc1,1,1
1401,sc1,1,1
1402,sc1,1,1
1403,sc1,1,1
1404,sc1,1,1
1405,sc1,1,1
1406,sc1,1,1
1407,sc1,1,1
1408,sc1,1,1
1409,sc1,1,1
1410,sc1,1,1
1411,sc1,1,1
1412,sc1,1,1
1413,sc1,1,1
1414,sc1,1,1
1415,sc1,1,1
1416,sc1,1,1
1417,sc1,1,1
1418,sc1,1,1
1419,sc1,1,1
1420,sc1,1,1
1421,sc1,1,1
1422,sc1,1,1
1423,sc1,1,1
1424,sc1,1,1
1425,sc1,1,1
1426,sc1,1,1
1427,sc1,1,1
1428,sc1,1,1
1429,sc1,1,1
1430,sc1,1,1
1431,sc1,1,1
1432,sc1,1,1
1433,sc1,1,1
1434,sc1,1,1
1435,sc1,1,1
1436,sc1,1,1
1437,sc1,1,1
1438,sc1,1,1
1439,sc1,1,1
1440,sc1,1,1
1441,sc1,1,1
1442,sc1,1,1
1443,sc1,1,1
1444,sc1,1,1
1445,sc1,1,1
1446,sc1,1,1
1447,sc1,1,1
1448,sc1,1,1
1449,sc1,1,1
1450,sc1,1,1
1451,sc1,1,1
1452,sc1,1,1
1453,sc1,1,1
1454,sc1,1,1
1455,sc1,1,1
1456,sc1,1,1
1457,sc1,1,1
1458,sc1,1,1
1459,sc1,1,1
1460,sc1,1,1
1461,sc1,1,1
1462,sc1,1,1
1463,sc1,1,1
1464,sc1,1,1
1465,sc1,1,1
1466,sc1,1,1
1467,sc1,1,1
1468,sc1,1,1
1469,sc1,1,1
1470,sc1,1,1
1471,sc1,1,1
1472,sc1,1,1
1473,sc1,1,1
1474,sc1,1,1
1475,sc1,1,1
1476,sc1,1,1
1477,sc1,1,1
1478,sc1,1,1
1479,sc1,1,1
1480,sc1,1,1
1481,sc1,1,1
1482,sc1,1,1
1483,sc1,1,1
1484,sc1,1,1
1485,sc1,1,1
1486,sc1,1,1
1487,sc1,1,1
1488,sc1,1,1
1489,sc1,1,1
1490,sc1,1,1
1491,sc1,1,1
1492,sc1,1,1
1493,sc1,1,1
1494,sc1,1,1
1495,sc1,1,1
1496,sc1,1,1
1497,sc1,1,1
1498,sc1,1,1
1499,sc1,1,1
1500,sc1,1,1
1501,sc1,1,1
1502,sc1,1,1
1503,sc1,1,1
1504,sc1,1,1
1505,sc1,1,1
1506,sc1,1,1
1507,sc1,1,1
1508,sc1,1,1
1509,sc1,1,1
1510,sc1,1,1
1511,sc1,1,1
1512,sc1,1,1
1513,sc1,1,1
1514,sc1,1,1
1515,sc1,1,1
1516,sc1,1,1
1517,sc1,1,1
1518,sc1,1,1
1519,sc1,1,1
1520,sc1,1,1
1521,sc1,1,1
1522,sc1,1,1
1523,sc1,1,1
1524,sc1,1,1
1525,sc1,1,1
1526,sc1,1,1
1527,sc1,1,1
1528,sc1,1,1
1529,sc1,1,1
1530,sc1,1,1
1531,sc1,1,1
1532,sc1,1,1
1533,sc1,1,1
1534,sc1,1,1
1535,sc1,1,1
1536,sc1,1,1
1537,sc1,1,1
1538,sc1,1,1
1539,sc1,1,1
1540,sc1,1,1
1541,sc1,1,1
1542,sc1,1,1
1543,sc1,1,1
1544,sc1,1,1
1545,sc1,1,1
1546,sc1,1,1
1547,sc1,1,1
1548,sc1,1,1
1549,sc1,1,1
1550,sc1,1,1
1551,sc1,1,1
1552,sc1,1,1
1553,sc1,1,1
1554,sc1,1,1
1555,sc1,1,1
1556,sc1,1,1
1557,sc1,1,1
1558,sc1,1,1
1559,sc1,1,1
1560,sc1,1,1
1561,sc1,1,1
1562,sc1,1,1
1563,sc1,1,1
1564,sc1,1,1
1565,sc1,1,1
1566,sc1,1,1
1567,sc1,1,1
1568,sc1,1,1
1569,sc1,1,1
1570,sc1,1,1
1571,sc1,1,1
1572,sc1,1,1
1573,sc1,1,1
1574,sc1,1,1
1575,sc1,1,1
1576,sc1,1,1
1577,sc1,1,1
1578,sc1,1,1
1579,sc1,1,1
1580,sc1,1,1
1581,sc1,1,1
1582,sc1,1,1
1583,sc1,1,1
1584,sc1,1,1
1585,sc1,1,1
1586,sc1,1,1
1587,sc1,1,1
1588,sc1,1,1
1589,sc1,1,1
1590,sc1,1,1
1591,sc1,1,1
1592,sc1,1,1
1593,sc1,1,1
1594,sc1,1,1
1595,sc1,1,1
1596,sc1,1,1
1597,sc1,1,1
1598,sc1,1,1
1599,sc1,1,1
1600,sc1,1,1
1601,sc1,1,1
1602,sc1,1,1
1603,sc1,1,1
1604,sc1,1,1
1605,sc1,1,1
1606,sc1,1,1
1607,sc1,1,1
1608,sc1,1,1
1609,sc1,1,1
1610,sc1,1,1
1611,sc1,1,1
1612,sc1,1,1
1613,sc1,1,1
1614,sc1,1,1
1615,sc1,1,1
1616,sc1,1,1
1617,sc1,1,1
1618,sc1,1,1
1619,sc1,1,1
1620,sc1,1,1
1621,sc1,1,1
1622,sc1,1,1
1623,sc1,1,1
1624,sc1,1,1
1625,sc1,1,1
1626,sc1,1,1
1627,sc1,1,1
1628,sc1,1,1
1629,sc1,1,1
1630,sc1,1,1
1631,sc1,1,1
1632,sc1,1,1
1633,sc1,1,1
1634,sc1,1,1
1635,sc1,1,1
1636,sc1,1,1
1637,sc1,1,1
1638,sc1,1,1
1639,sc1,1,1
1640,sc1,1,1
1641,sc1,1,1
1642,sc1,1,1
1643,sc1,1,1
1644,sc1,1,1
1645,sc1,1,1
1646,sc1,1,1
1647,sc1,1,1
1648,sc1,1,1
1649,sc1,1,1
1650,sc1,1,1
1651,sc1,1,1
1652,sc1,1,1
1653,sc1,1,1
1654,sc1,1,1
1655,sc1,1,1
1656,sc1,1,1
1657,sc1,1,1
1658,sc1,1,1
1659,sc1,1,1
1660,sc1,1,1
1661,sc1,1,1
1662,sc1,1,1
1663,sc1,1,1
1664,sc1,1,1
1665,sc1,1,1
1666,sc1,1,1
1667,sc1,1,1
1668,sc1,1,1
1669,sc1,1,1
1670,sc1,1,1
1671,sc1,1,1
1672,sc1,1,1
1673,sc1,1,1
1674,sc1,1,1
1675,sc1,1,1
1676,sc1,1,1
1677,sc1,1,1
1678,sc1,1,1
1679,sc1,1,1
1680,sc1,1,1
1681,sc1,1,1
1682,sc1,1,1
1683,sc1,1,1
1684,sc1,1,1
1685,sc1,1,1
1686,sc1,1,1
1687,sc1,1,1
1688,sc1,1,1
1689,sc1,1,1
1690,sc1,1,1
1691,sc1,1,1
1692,sc1,1,1
1693,sc1,1,1
1694,sc1,1,1
1695,sc1,1,1
1696,sc1,1,1
1697,sc1,1,1
1698,sc1,1,1
1699,sc1,1,1
1700,sc1,1,1
1701,sc1,1,1
1702,sc1,1,1
1703,sc1,1,1
1704,sc1,1,1
1705,sc1,1,1
1706,sc1,1,1
1707,sc1,1,1
1708,sc1,1,1
1709,sc1,1,1
1710,sc1,1,1
1711,sc1,1,1
1712,sc1,1,1
1713,sc1,1,1
1714,sc1,1,1
1715,sc1,1,1
1716,sc1,1,1
1717,sc1,1,1
1718,sc1,1,1
1719,sc1,1,1
1720,sc1,1,1
1721,sc1,1,1
1722,sc1,1,1
1723,sc1,1,1
1724,sc1,1,1
1725,sc1,1,1
1726,sc1,1,1
1727,sc1,1,1
1728,sc1,1,1
1729,sc1,1,1
1730,sc1,1,1
1731,sc1,1,1
1732,sc1,1,1
1733,sc1,1,1
1734,sc1,1,1
1735,sc1,1,1
1736,sc1,1,1
1737,sc1,1,1
1738,sc1,1,1
1739,sc1,1,1
1740,sc1,1,1
1741,sc1,1,1
1742,sc1,1,1
1743,sc1,1,1
1744,sc1,1,1
1745,sc1,1,1
1746,sc1,1,1
1747,sc1,1,1
1748,sc1,1,1
1749,sc1,1,1
1750,sc1,1,1
1751,sc1,1,1
1752,sc1,1,1
1753,sc1,1,1
1754,sc1,1,1
1755,sc1,1,1
1756,sc1,1,1
1757,sc1,1,1
1758,sc1,1,1
1759,sc1,1,1
1760,sc1,1,1
1761,sc1,1,1
1762,sc1,1,1
1763,sc1,1,1
1764,sc1,1,1
1765,sc1,1,1
1766,sc1,1,1
1767,sc1,1,1
1768,sc1,1,1
1769,sc1,1,1
1770,sc1,1,1
1771,sc1,1,1
1772,sc1,1,1
1773,sc1,1,1
1774,sc1,1,1
1775,sc1,1,1
1776,sc1,1,1
1777,sc1,1,1
1778,sc1,1,1
1779,sc1,1,1
1780,sc1,1,1
1781,sc1,1,1
1782,sc1,1,1
1783,sc1,1,1
1784,sc1,1,1
1785,sc1,1,1
1786,sc1,1,1
1787,sc1,1,1
1788,sc1,1,1
1789,sc1,1,1
1790,sc1,1,1
1791,sc1,1,1
1792,sc1,1,1
1793,sc1,1,1
1794,sc1,1,1
1795,sc1,1,1
1796,sc1,1,1
1797,sc1,1,1
1798,sc1,1,1
1799,sc1,1,1
1800,sc1,1,1
1801,sc1,1,1
1802,sc1,1,1
1803,sc1,1,1
1804,sc1,1,1
1805,sc1,1,1
1806,sc1,1,1
1807,sc1,1,1
1808,sc1,1,1
1809,sc1,1,1
1810,sc1,1,1
1811,sc1,1,1
1812,sc1,1,1
1813,sc1,1,1
1814,sc1,1,1
1815,sc1,1,1
1816,sc1,1,1
1817,sc1,1,1
1818,sc1,1,1
1819,sc1,1,1
1820,sc1,1,1
1821,sc1,1,1
1822,sc1,1,1
1823,sc1,1,1
1824,sc1,1,1
1825,sc1,1,1
1826,sc1,1,1
1827,sc1,1,1
1828,sc1,1,1
1829,sc1,1,1
1830,sc1,1,1
1831,sc1,1,1
1832,sc1,1,1
1833,sc1,1,1
1834,sc1,1,1
1835,sc1,1,1
1836,sc1,1,1
1837,sc1,1,1
1838,sc1,1,1
1839,sc1,1,1
1840,sc1,1,1
1841,sc1,1,1
1842,sc1,1,1
1843,sc1,1,1
1844,sc1,1,1
1845,sc1,1,1
1846,sc1,1,1
1847,sc1,1,1
1848,sc1,1,1
1849,sc1,1,1
1850,sc1,1,1
1851,sc1,1,1
1852,sc1,1,1
1853,sc1,1,1
1854,sc1,1,1
1855,sc1,1,1
1856,sc1,1,1
1857,sc1,1,1
1858,sc1,1,1
1859,sc1,1,1
1860,sc1,1,1
1861,sc1,1,1
1862,sc1,1,1
1863,sc1,1,1
1864,sc1,1,1
1865,sc1,1,1
1866,sc1,1,1
1867,sc1,1,1
1868,sc1,1,1
1869,sc1,1,1
1870,sc1,1,1
1871,sc1,1,1
1872,sc1,1,1
1873,sc1,1,1
1874,sc1,1,1
1875,sc1,1,1
1876,sc1,1,1
1877,sc1,1,1
1878,sc1,1,1
1879,sc1,1,1
1880,sc1,1,1
1881,sc1,1,1
1882,sc1,1,1
1883,sc1,1,1
1884,sc1,1,1
1885,sc1,1,1
1886,sc1,1,1
1887,sc1,1,1
1888,sc1,1,1
1889,sc1,1,1
1890,sc1,1,1
1891,sc1,1,1
1892,sc1,1,1
1893,sc1,1,1
1894,sc1,1,1
1895,sc1,1,1
1896,sc1,1,1
1897,sc1,1,1
1898,sc1,1,1
1899,sc1,1,1
1900,sc1,1,1
1901,sc1,1,1
1902,sc1,1,1
1903,sc1,1,1
1904,sc1,1,1
1905,sc1,1,1
1906,sc1,1,1
1907,sc1,1,1
1908,sc1,1,1
1909,sc1,1,1
1910,sc1,1,1
1911,sc1,1,1
1912,sc1,1,1
1913,sc1,1,1
1914,sc1,1,1
1915,sc1,1,1
1916,sc1,1,1
1917,sc1,1,1
1918,sc1,1,1
1919,sc1,1,1
1920,sc1,1,1
1921,sc1,1,1
1922,sc1,1,1
1923,sc1,1,1
1924,sc1,1,1
1925,sc1,1,1
1926,sc1,1,1
1927,sc1,1,1
1928,sc1,1,1
1929,sc1,1,1
1930,sc1,1,1
1931,sc1,1,1
1932,sc1,1,1
1933,sc1,1,1
1934,sc1,1,1
1935,sc1,1,1
1936,sc1,1,1
1937,sc1,1,1
1938,sc1,1,1
1939,sc1,1,1
1940,sc1,1,1
1941,sc1,1,1
1942,sc1,1,1
1943,sc1,1,1
1944,sc1,1,1
1945,sc1,1,1
1946,sc1,1,1
1947,sc1,1,1
1948,sc1,1,1
1949,sc1,1,1
1950,sc1,1,1
1951,sc1,1,1
1952,sc1,1,1
1953,sc1,1,1
1954,sc1,1,1
1955,sc1,1,1
1956,sc1,1,1
1957,sc1,1,1
1958,sc1,1,1
1959,sc1,1,1
1960,sc1,1,1
1961,sc1,1,1
1962,sc1,1,1
1963,sc1,1,1
1964,sc1,1,1
1965,sc1,1,1
1966,sc1,1,1
1967,sc1,1,1
1968,sc1,1,1
1969,sc1,1,1
1970,sc1,1,1
1971,sc1,1,1
1972,sc1,1,1
1973,sc1,1,1
1974,sc1,1,1
1975,sc1,1,1
1976,sc1,1,1
1977,sc1,1,1
1978,sc1,1,1
1979,sc1,1,1
1980,sc1,1,1
1981,sc1,1,1
1982,sc1,1,1
1983,sc1,1,1
1984,sc1,1,1
1985,sc1,1,1
1986,sc1,1,1
1987,sc1,1,1
1988,sc1,1,1
1989,sc1,1,1
1990,sc1,1,1
1991,sc1,1,1
1992,sc1,1,1
1993,sc1,1,1
1994,sc1,1,1
1995,sc1,1,1
1996,sc1,1,1
1997,sc1,1,1
1998,sc1,1,1
1999,sc1,1,1
2000,sc1,1,1
2001,sc1,1,1
2002,sc1,1,1
2003,sc1,1,1
2004,sc1,1,1
2005,sc1,1,1
2006,sc1,1,1
2007,sc1,1,1
2008,sc1,1,1
2009,sc1,1,1
2010,sc1,1,1
2011,sc1,1,1
2012,sc1,1,1
2013,sc1,1,1
2014,sc1,1,1
2015,sc1,1,1
2016,sc1,1,1
2017,sc1,1,1
2018,sc1,1,1
2019,sc1,1,1
2020,sc1,1,1
2021,sc1,1,1
2022,sc1,1,1
2023,sc1,1,1
2024,sc1,1,1
2025,sc1,1,1
2026,sc1,1,1
2027,sc1,1,1
2028,sc1,1,1
2029,sc1,1,1
2030,sc1,1,1
2031,sc1,1,1
2032,sc1,1,1
2033,sc1,1,1
2034,sc1,1,1
2035,sc1,1,1
2036,sc1,1,1
2037,sc1,1,1
2038,sc1,1,1
2039,sc1,1,1
2040,sc1,1,1
2041,sc1,1,1
2042,sc1,1,1
2043,sc1,1,1
2044,sc1,1,1
2045,sc1,1,1
2046,sc1,1,1
2047,sc1,1,1
2048,sc1,1,1
2049,sc1,1,1
2050,sc1,1,1
2051,sc1,1,1
2052,sc1,1,1
2053,sc1,1,1
2054,sc1,1,1
2055,sc1,1,1
2056,sc1,1,1
2057,sc1,1,1
2058,sc1,1,1
2059,sc1,1,1
2060,sc1,1,1
2061,sc1,1,1
2062,sc1,1,1
2063,sc1,1,1
2064,sc1,1,1
2065,sc1,1,1
2066,sc1,1,1
2067,sc1,1,1
2068,sc1,1,1
2069,sc1,1,1
2070,sc1,1,1
2071,sc1,1,1
2072,sc1,1,1
2073,sc1,1,1
2074,sc1,1,1
2075,sc1,1,1
2076,sc1,1,1
2077,sc1,1,1
2078,sc1,1,1
2079,sc1,1,1
2080,sc1,1,1
2081,sc1,1,1
2082,sc1,1,1
2083,sc1,1,1
2084,sc1,1,1
2085,sc1,1,1
2086,sc1,1,1
2087,sc1,1,1
2088,sc1,1,1
2089,sc1,1,1
2090,sc1,1,1
2091,sc1,1,1
2092,sc1,1,1
2093,sc1,1,1
2094,sc1,1,1
2095,sc1,1,1
2096,sc1,1,1
2097,sc1,1,1
2098,sc1,1,1
2099,sc1,1,1
2100,sc1,1,1
2101,sc1,1,1
2102,sc1,1,1
2103,sc1,1,1
2104,sc1,1,1
2105,sc1,1,1
2106,sc1,1,1
2107,sc1,1,1
2108,sc1,1,1
2109,sc1,1,1
2110,sc1,1,1
2111,sc1,1,1
2112,sc1,1,1
2113,sc1,1,1
2114,sc1,1,1
2115,sc1,1,1
2116,sc1,1,1
2117,sc1,1,1
2118,sc1,1,1
2119,sc1,1,1
2120,sc1,1,1
2121,sc1,1,1
2122,sc1,1,1
2123,sc1,1,1
2124,sc1,1,1
2125,sc1,1,1
2126,sc1,1,1
2127,sc1,1,1
2128,sc1,1,1
2129,sc1,1,1
2130,sc1,1,1
2131,sc1,1,1
2132,sc1,1,1
2133,sc1,1,1
2134,sc1,1,1
2135,sc1,1,1
2136,sc1,1,1
2137,sc1,1,1
2138,sc1,1,1
2139,sc1,1,1
2140,sc1,1,1
2141,sc1,1,1
2142,sc1,1,1
2143,sc1,1,1
2144,sc1,1,1
2145,sc1,1,1
2146,sc1,1,1
2147,sc1,1,1
2148,sc1,1,1
2149,sc1,1,1
2150,sc1,1,1
2151,sc1,1,1
2152,sc1,1,1
2153,sc1,1,1
2154,sc1,1,1
2155,sc1,1,1
2156,sc1,1,1
2157,sc1,1,1
2158,sc1,1,1
2159,sc1,1,1
2160,sc1,1,1
2161,sc1,1,1
2162,sc1,1,1
2163,sc1,1,1
2164,sc1,1,1
2165,sc1,1,1
2166,sc1,1,1
2167,sc1,1,1
2168,sc1,1,1
2169,sc1,1,1
2170,sc1,1,1
2171,sc1,1,1
2172,sc1,1,1
2173,sc1,1,1
2174,sc1,1,1
2175,sc1,1,1
2176,sc1,1,1
2177,sc1,1,1
2178,sc1,1,1
2179,sc1,1,1
2180,sc1,1,1
2181,sc1,1,1
2182,sc1,1,1
2183,sc1,1,1
2184,sc1,1,1
2185,sc1,1,1
2186,sc1,1,1
2187,sc1,1,1
2188,sc1,1,1
2189,sc1,1,1
2190,sc1,1,1
2191,sc1,1,1
2192,sc1,1,1
2193,sc1,1,1
2194,sc1,1,1
2195,sc1,1,1
2196,sc1,1,1
2197,sc1,1,1
2198,sc1,1,1
2199,sc1,1,1
2200,sc1,1,1
2201,sc1,1,1
2202,sc1,1,1
2203,sc1,1,1
2204,sc1,1,1
2205,sc1,1,1
2206,sc1,1,1
2207,sc1,1,1
2208,sc1,1,1
2209,sc1,1,1
2210,sc1,1,1
2211,sc1,1,1
2212,sc1,1,1
2213,sc1,1,1
2214,sc1,1,1
2215,sc1,1,1
2216,sc1,1,1
2217,sc1,1,1
2218,sc1,1,1
2219,sc1,1,1
2220,sc1,1,1
2221,sc1,1,1
2222,sc1,1,1
2223,sc1,1,1
2224,sc1,1,1
2225,sc1,1,1
2226,sc1,1,1
2227,sc1,1,1
2228,sc1,1,1
2229,sc1,1,1
2230,sc1,1,1
2231,sc1,1,1
2232,sc1,1,1
2233,sc1,1,1
2234,sc1,1,1
2235,sc1,1,1
2236,sc1,1,1
2237,sc1,1,1
2238,sc1,1,1
2239,sc1,1,1
2240,sc1,1,1
2241,sc1,1,1
2242,sc1,1,1
2243,sc1,1,1
2244,sc1,1,1
2245,sc1,1,1
2246,sc1,1,1
2247,sc1,1,1
2248,sc1,1,1
2249,sc1,1,1
2250,sc1,1,1
2251,sc1,1,1
2252,sc1,1,1
2253,sc1,1,1
2254,sc1,1,1
2255,sc1,1,1
2256,sc1,1,1
2257,sc1,1,1
2258,sc1,1,1
2259,sc1,1,1
2260,sc1,1,1
2261,sc1,1,1
2262,sc1,1,1
2263,sc1,1,1
2264,sc1,1,1
2265,sc1,1,1
2266,sc1,1,1
2267,sc1,1,1
2268,sc1,1,1
2269,sc1,1,1
2270,sc1,1,1
2271,sc1,1,1
2272,sc1,1,1
2273,sc1,1,1
2274,sc1,1,1
2275,sc1,1,1
2276,sc1,1,1
2277,sc1,1,1
2278,sc1,1,1
2279,sc1,1,1
2280,sc1,1,1
2281,sc1,1,1
2282,sc1,1,1
2283,sc1,1,1
2284,sc1,1,1
2285,sc1,1,1
2286,sc1,1,1
2287,sc1,1,1
2288,sc1,1,1
2289,sc1,1,1
2290,sc1,1,1
2291,sc1,1,1
2292,sc1,1,1
2293,sc1,1,1
2294,sc1,1,1
2295,sc1,1,1
2296,sc1,1,1
2297,sc1,1,1
2298,sc1,1,1
2299,sc1,1,1
2300,sc1,1,1
2301,sc1,1,1
2302,sc1,1,1
2303,sc1,1,1
2304,sc1,1,1
2305,sc1,1,1
2306,sc1,1,1
2307,sc1,1,1
2308,sc1,1,1
2309,sc1,1,1
2310,sc1,1,1
2311,sc1,1,1
2312,sc1,1,1
2313,sc1,1,1
2314,sc1,1,1
2315,sc1,1,1
2316,sc1,1,1
2317,sc1,1,1
2318,sc1,1,1
2319,sc1,1,1
2320,sc1,1,1
2321,sc1,1,1
2322,sc1,1,1
2323,sc1,1,1
2324,sc1,1,1
2325,sc1,1,1
2326,sc1,1,1
2327,sc1,1,1
2328,sc1,1,1
2329,sc1,1,1
2330,sc1,1,1
2331,sc1,1,1
2332,sc1,1,1
2333,sc1,1,1
2334,sc1,1,1
2335,sc1,1,1
2336,sc1,1,1
2337,sc1,1,1
2338,sc1,1,1
2339,sc1,1,1
2340,sc1,1,1
2341,sc1,1,1
2342,sc1,1,1
2343,sc1,1,1
2344,sc1,1,1
2345,sc1,1,1
2346,sc1,1,1
2347,sc1,1,1
2348,sc1,1,1
2349,sc1,1,1
2350,sc1,1,1
2351,sc1,1,1
2352,sc1,1,1
2353,sc1,1,1
2354,sc1,1,1
2355,sc1,1,1
2356,sc1,1,1
2357,sc1,1,1
2358,sc1,1,1
2359,sc1,1,1
2360,sc1,1,1
2361,sc1,1,1
2362,sc1,1,1
2363,sc1,1,1
2364,sc1,1,1
2365,sc1,1,1
2366,sc1,1,1
2367,sc1,1,1
2368,sc1,1,1
2369,sc1,1,1
2370,sc1,1,1
2371,sc1,1,1
2372,sc1,1,1
2373,sc1,1,1
2374,sc1,1,1
2375,sc1,1,1
2376,sc1,1,1
2377,sc1,1,1
2378,sc1,1,1
2379,sc1,1,1
2380,sc1,1,1
2381,sc1,1,1
2382,sc1,1,1
2383,sc1,1,1
2384,sc1,1,1
2385,sc1,1,1
2386,sc1,1,1
2387,sc1,1,1
2388,sc1,1,1
2389,sc1,1,1
2390,sc1,1,1
2391,sc1,1,1
2392,sc1,1,1
2393,sc1,1,1
2394,sc1,1,1
2395,sc1,1,1
2396,sc1,1,1
2397,sc1,1,1
2398,sc1,1,1
2399,sc1,1,1
2400,sc1,1,1
2401,sc1,1,1
2402,sc1,1,1
2403,sc1,1,1
2404,sc1,1,1
2405,sc1,1,1
2406,sc1,1,1
2407,sc1,1,1
2408,sc1,1,1
2409,sc1,1,1
2410,sc1,1,1
2411,sc1,1,1
2412,sc1,1,1
2413,sc1,1,1
2414,sc1,1,1
2415,sc1,1,1
2416,sc1,1,1
2417,sc1,1,1
2418,sc1,1,1
2419,sc1,1,1
2420,sc1,1,1
2421,sc1,1,1
2422,sc1,1,1
2423,sc1,1,1
2424,sc1,1,1
2425,sc1,1,1
2426,sc1,1,1
2427,sc1,1,1
2428,sc1,1,1
2429,sc1,1,1
2430,sc1,1,1
2431,sc1,1,1
2432,sc1,1,1
2433,sc1,1,1
2434,sc1,1,1
2435,sc1,1,1
2436,sc1,1,1
2437,sc1,1,1
2438,sc1,1,1
2439,sc1,1,1
2440,sc1,1,1
2441,sc1,1,1
2442,sc1,1,1
2443,sc1,1,1
2444,sc1,1,1
2445,sc1,1,1
2446,sc1,1,1
2447,sc1,1,1
2448,sc1,1,1
2449,sc1,1,1
2450,sc1,1,1
2451,sc1,1,1
2452,sc1,1,1
2453,sc1,1,1
2454,sc1,1,1
2455,sc1,1,1
2456,sc1,1,1
2457,sc1,1,1
2458,sc1,1,1
2459,sc1,1,1
2460,sc1,1,1
2461,sc1,1,1
2462,sc1,1,1
2463,sc1,1,1
2464,sc1,1,1
2465,sc1,1,1
2466,sc1,1,1
2467,sc1,1,1
2468,sc1,1,1
2469,sc1,1,1
2470,sc1,1,1
2471,sc1,1,1
2472,sc1,1,1
2473,sc1,1,1
2474,sc1,1,1
2475,sc1,1,1
2476,sc1,1,1
2477,sc1,1,1
2478,sc1,1,1
2479,sc1,1,1
2480,sc1,1,1
2481,sc1,1,1
2482,sc1,1,1
2483,sc1,1,1
2484,sc1,1,1
2485,sc1,1,1
2486,sc1,1,1
2487,sc1,1,1
2488,sc1,1,1
2489,sc1,1,1
2490,sc1,1,1
2491,sc1,1,1
2492,sc1,1,1
2493,sc1,1,1
2494,sc1,1,1
2495,sc1,1,1
2496,sc1,1,1
2497,sc1,1,1
2498,sc1,1,1
2499,sc1,1,1
2500,sc1,1,1
2501,sc1,1,1
2502,sc1,1,1
2503,sc1,1,1
2504,sc1,1,1
2505,sc1,1,1
2506,sc1,1,1
2507,sc1,1,1
2508,sc1,1,1
2509,sc1,1,1
2510,sc1,1,1
2511,sc1,1,1
2512,sc1,1,1
2513,sc1,1,1
2514,sc1,1,1
2515,sc1,1,1
2516,sc1,1,1
2517,sc1,1,1
2518,sc1,1,1
2519,sc1,1,1
2520,sc1,1,1
2521,sc1,1,1
2522,sc1,1,1
2523,sc1,1,1
2524,sc1,1,1
2525,sc1,1,1
2526,sc1,1,1
2527,sc1,1,1
2528,sc1,1,1
2529,sc1,1,1
2530,sc1,1,1
2531,sc1,1,1
2532,sc1,1,1
2533,sc1,1,1
2534,sc1,1,1
2535,sc1,1,1
2536,sc1,1,1
2537,sc1,1,1
2538,sc1,1,1
2539,sc1,1,1
2540,sc1,1,1
2541,sc1,1,1
2542,sc1,1,1
2543,sc1,1,1
2544,sc1,1,1
2545,sc1,1,1
2546,sc1,1,1
2547,sc1,1,1
2548,sc1,1,1
2549,sc1,1,1
2550,sc1,1,1
2551,sc1,1,1
2552,sc1,1,1
2553,sc1,1,1
2554,sc1,1,1
2555,sc1,1,1
2556,sc1,1,1
2557,sc1,1,1
2558,sc1,1,1
2559,sc1,1,1
2560,sc1,1,1
2561,sc1,1,1
2562,sc1,1,1
2563,sc1,1,1
2564,sc1,1,1
2565,sc1,1,1
2566,sc1,1,1
2567,sc1,1,1
2568,sc1,1,1
2569,sc1,1,1
2570,sc1,1,1
2571,sc1,1,1
2572,sc1,1,1
2573,sc1,1,1
2574,sc1,1,1
2575,sc1,1,1
2576,sc1,1,1
2577,sc1,1,1
2578,sc1,1,1
2579,sc1,1,1
2580,sc1,1,1
2581,sc1,1,1
2582,sc1,1,1
2583,sc1,1,1
2584,sc1,1,1
2585,sc1,1,1
2586,sc1,1,1
2587,sc1,1,1
2588,sc1,1,1
2589,sc1,1,1
2590,sc1,1,1
2591,sc1,1,1
2592,sc1,1,1
2593,sc1,1,1
2594,sc1,1,1
2595,sc1,1,1
2596,sc1,1,1
2597,sc1,1,1
2598,sc1,1,1
2599,sc1,1,1
2600,sc1,1,1
2601,sc1,1,1
2602,sc1,1,1
2603,sc1,1,1
2604,sc1,1,1
2605,sc1,1,1
2606,sc1,1,1
2607,sc1,1,1
2608,sc1,1,1
2609,sc1,1,1
2610,sc1,1,1
2611,sc1,1,1
2612,sc1,1,1
2613,sc1,1,1
2614,sc1,1,1
2615,sc1,1,1
2616,sc1,1,1
2617,sc1,1,1
2618,sc1,1,1
2619,sc1,1,1
2620,sc1,1,1
2621,sc1,1,1
2622,sc1,1,1
2623,sc1,1,1
2624,sc1,1,1
2625,sc1,1,1
2626,sc1,1,1
2627,sc1,1,1
2628,sc1,1,1
2629,sc1,1,1
2630,sc1,1,1
2631,sc1,1,1
2632,sc1,1,1
2633,sc1,1,1
2634,sc1,1,1
2635,sc1,1,1
2636,sc1,1,1
2637,sc1,1,1
2638,sc1,1,1
2639,sc1,1,1
2640,sc1,1,1
2641,sc1,1,1
2642,sc1,1,1
2643,sc1,1,1
2644,sc1,1,1
2645,sc1,1,1
2646,sc1,1,1
2647,sc1,1,1
2648,sc1,1,1
2649,sc1,1,1
2650,sc1,1,1
2651,sc1,1,1
2652,sc1,1,1
2653,sc1,1,1
2654,sc1,1,1
2655,sc1,1,1
2656,sc1,1,1
2657,sc1,1,1
2658,sc1,1,1
2659,sc1,1,1
2660,sc1,1,1
2661,sc1,1,1
2662,sc1,1,1
2663,sc1,1,1
2664,sc1,1,1
2665,sc1,1,1
2666,sc1,1,1
2667,sc1,1,1
2668,sc1,1,1
2669,sc1,1,1
2670,sc1,1,1
2671,sc1,1,1
2672,sc1,1,1
2673,sc1,1,1
2674,sc1,1,1
2675,sc1,1,1
2676,sc1,1,1
2677,sc1,1,1
2678,sc1,1,1
2679,sc1,1,1
2680,sc1,1,1
2681,sc1,1,1
2682,sc1,1,1
2683,sc1,1,1
2684,sc1,1,1
2685,sc1,1,1
2686,sc1,1,1
2687,sc1,1,1
2688,sc1,1,1
2689,sc1,1,1
2690,sc1,1,1
2691,sc1,1,1
2692,sc1,1,1
2693,sc1,1,1
2694,sc1,1,1
2695,sc1,1,1
2696,sc1,1,1
2697,sc1,1,1
2698,sc1,1,1
2699,sc1,1,1
2700,sc1,1,1
2701,sc1,1,1
2702,sc1,1,1
2703,sc1,1,1
2704,sc1,1,1
2705,sc1,1,1
2706,sc1,1,1
2707,sc1,1,1
2708,sc1,1,1
2709,sc1,1,1
2710,sc1,1,1
2711,sc1,1,1
2712,sc1,1,1
2713,sc1,1,1
2714,sc1,1,1
2715,sc1,1,1
2716,sc1,1,1
2717,sc1,1,1
2718,sc1,1,1
2719,sc1,1,1
2720,sc1,1,1
2721,sc1,1,1
2722,sc1,1,1
2723,sc1,1,1
2724,sc1,1,1
2725,sc1,1,1
2726,sc1,1,1
2727,sc1,1,1
2728,sc1,1,1
2729,sc1,1,1
2730,sc1,1,1
2731,sc1,1,1
2732,sc1,1,1
2733,sc1,1,1
2734,sc1,1,1
2735,sc1,1,1
2736,sc1,1,1
2737,sc1,1,1
2738,sc1,1,1
2739,sc1,1,1
2740,sc1,1,1
2741,sc1,1,1
2742,sc1,1,1
2743,sc1,1,1
2744,sc1,1,1
2745,sc1,1,1
2746,sc1,1,1
2747,sc1,1,1
2748,sc1,1,1
2749,sc1,1,1
2750,sc1,1,1
2751,sc1,1,1
2752,sc1,1,1
2753,sc1,1,1
2754,sc1,1,1
2755,sc1,1,1
2756,sc1,1,1
2757,sc1,1,1
2758,sc1,1,1
2759,sc1,1,1
2760,sc1,1,1
2761,sc1,1,1
2762,sc1,1,1
2763,sc1,1,1
2764,sc1,1,1
2765,sc1,1,1
2766,sc1,1,1
2767,sc1,1,1
2768,sc1,1,1
2769,sc1,1,1
2770,sc1,1,1
2771,sc1,1,1
2772,sc1,1,1
2773,sc1,1,1
2774,sc1,1,1
2775,sc1,1,1
2776,sc1,1,1
2777,sc1,1,1
2778,sc1,1,1
2779,sc1,1,1
2780,sc1,1,1
2781,sc1,1,1
2782,sc1,1,1
2783,sc1,1,1
2784,sc1,1,1
2785,sc1,1,1
2786,sc1,1,1
2787,sc1,1,1
2788,sc1,1,1
2789,sc1,1,1
2790,sc1,1,1
2791,sc1,1,1
2792,sc1,1,1
2793,sc1,1,1
2794,sc1,1,1
2795,sc1,1,1
2796,sc1,1,1
2797,sc1,1,1
2798,sc1,1,1
2799,sc1,1,1
2800,sc1,1,1
2801,sc1,1,1
2802,sc1,1,1
2803,sc1,1,1
2804,sc1,1,1
2805,sc1,1,1
2806,sc1,1,1
2807,sc1,1,1
2808,sc1,1,1
2809,sc1,1,1
2810,sc1,1,1
2811,sc1,1,1
2812,sc1,1,1
2813,sc1,1,1
2814,sc1,1,1
2815,sc1,1,1
2816,sc1,1,1
2817,sc1,1,1
2818,sc1,1,1
2819,sc1,1,1
2820,sc1,1,1
2821,sc1,1,1
2822,sc1,1,1
2823,sc1,1,1
2824,sc1,1,1
2825,sc1,1,1
2826,sc1,1,1
2827,sc1,1,1
2828,sc1,1,1
2829,sc1,1,1
2830,sc1,1,1
2831,sc1,1,1
2832,sc1,1,1
2833,sc1,1,1
2834,sc1,1,1
2835,sc1,1,1
2836,sc1,1,1
2837,sc1,1,1
2838,sc1,1,1
2839,sc1,1,1
2840,sc1,1,1
2841,sc1,1,1
2842,sc1,1,1
2843,sc1,1,1
2844,sc1,1,1
2845,sc1,1,1
2846,sc1,1,1
2847,sc1,1,1
2848,sc1,1,1
2849,sc1,1,1
2850,sc1,1,1
2851,sc1,1,1
2852,sc1,1,1
2853,sc1,1,1
2854,sc1,1,1
2855,sc1,1,1
2856,sc1,1,1
2857,sc1,1,1
2858,sc1,1,1
2859,sc1,1,1
2860,sc1,1,1
2861,sc1,1,1
2862,sc1,1,1
2863,sc1,1,1
2864,sc1,1,1
2865,sc1,1,1
2866,sc1,1,1
2867,sc1,1,1
2868,sc1,1,1
2869,sc1,1,1
2870,sc1,1,1
2871,sc1,1,1
2872,sc1,1,1
2873,sc1,1,1
2874,sc1,1,1
2875,sc1,1,1
2876,sc1,1,1
2877,sc1,1,1
2878,sc1,1,1
2879,sc1,1,1
2880,sc1,1,1
2881,sc1,1,1
2882,sc1,1,1
2883,sc1,1,1
2884,sc1,1,1
2885,sc1,1,1
2886,sc1,1,1
2887,sc1,1,1
2888,sc1,1,1
2889,sc1,1,1
2890,sc1,1,1
2891,sc1,1,1
2892,sc1,1,1
2893,sc1,1,1
2894,sc1,1,1
2895,sc1,1,1
2896,sc1,1,1
2897,sc1,1,1
2898,sc1,1,1
2899,sc1,1,1
2900,sc1,1,1
2901,sc1,1,1
2902,sc1,1,1
2903,sc1,1,1
2904,sc1,1,1
2905,sc1,1,1
2906,sc1,1,1
2907,sc1,1,1
2908,sc1,1,1
2909,sc1,1,1
2910,sc1,1,1
2911,sc1,1,1
2912,sc1,1,1
2913,sc1,1,1
2914,sc1,1,1
2915,sc1,1,1
2916,sc1,1,1
2917,sc1,1,1
2918,sc1,1,1
2919,sc1,1,1
2920,sc1,1,1
2921,sc1,1,1
2922,sc1,1,1
2923,sc1,1,1
2924,sc1,1,1
2925,sc1,1,1
2926,sc1,1,1
2927,sc1,1,1
2928,sc1,1,1
2929,sc1,1,1
2930,sc1,1,1
2931,sc1,1,1
2932,sc1,1,1
2933,sc1,1,1
2934,sc1,1,1
2935,sc1,1,1
2936,sc1,1,1
2937,sc1,1,1
2938,sc1,1,1
2939,sc1,1,1
2940,sc1,1,1
2941,sc1,1,1
2942,sc1,1,1
2943,sc1,1,1
2944,sc1,1,1
2945,sc1,1,1
2946,sc1,1,1
2947,sc1,1,1
2948,sc1,1,1
2949,sc1,1,1
2950,sc1,1,1
2951,sc1,1,1
2952,sc1,1,1
2953,sc1,1,1
2954,sc1,1,1
2955,sc1,1,1
2956,sc1,1,1
2957,sc1,1,1
2958,sc1,1,1
2959,sc1,1,1
2960,sc1,1,1
2961,sc1,1,1
2962,sc1,1,1
2963,sc1,1,1
2964,sc1,1,1
2965,sc1,1,1
2966,sc1,1,1
2967,sc1,1,1
2968,sc1,1,1
2969,sc1,1,1
2970,sc1,1,1
2971,sc1,1,1
2972,sc1,1,1
2973,sc1,1,1
2974,sc1,1,1
2975,sc1,1,1
2976,sc1,1,1
2977,sc1,1,1
2978,sc1,1,1
2979,sc1,1,1
2980,sc1,1,1
2981,sc1,1,1
2982,sc1,1,1
2983,sc1,1,1
2984,sc1,1,1
2985,sc1,1,1
2986,sc1,1,1
2987,sc1,1,1
2988,sc1,1,1
2989,sc1,1,1
2990,sc1,1,1
2991,sc1,1,1
2992,sc1,1,1
2993,sc1,1,1
2994,sc1,1,1
2995,sc1,1,1
2996,sc1,1,1
2997,sc1,1,1
2998,sc1,1,1
2999,sc1,1,1
3000,sc1,1,1
3001,sc1,1,1
3002,sc1,1,1
3003,sc1,1,1
3004,sc1,1,1
3005,sc1,1,1
3006,sc1,1,1
3007,sc1,1,1
3008,sc1,1,1
3009,sc1,1,1
3010,sc1,1,1
3011,sc1,1,1
3012,sc1,1,1
3013,sc1,1,1
3014,sc1,1,1
3015,sc1,1,1
3016,sc1,1,1
3017,sc1,1,1
3018,sc1,1,1
3019,sc1,1,1
3020,sc1,1,1
3021,sc1,1,1
3022,sc1,1,1
3023,sc1,1,1
3024,sc1,1,1
3025,sc1,1,1
3026,sc1,1,1
3027,sc1,1,1
3028,sc1,1,1
3029,sc1,1,1
3030,sc1,1,1
3031,sc1,1,1
3032,sc1,1,1
3033,sc1,1,1
3034,sc1,1,1
3035,sc1,1,1
3036,sc1,1,1
3037,sc1,1,1
3038,sc1,1,1
3039,sc1,1,1
3040,sc1,1,1
3041,sc1,1,1
3042,sc1,1,1
3043,sc1,1,1
3044,sc1,1,1
3045,sc1,1,1
3046,sc1,1,1
3047,sc1,1,1
3048,sc1,1,1
3049,sc1,1,1
3050,sc1,1,1
3051,sc1,1,1
3052,sc1,1,1
3053,sc1,1,1
3054,sc1,1,1
3055,sc1,1,1
3056,sc1,1,1
3057,sc1,1,1
3058,sc1,1,1
3059,sc1,1,1
3060,sc1,1,1
3061,sc1,1,1
3062,sc1,1,1
3063,sc1,1,1
3064,sc1,1,1
3065,sc1,1,1
3066,sc1,1,1
3067,sc1,1,1
3068,sc1,1,1
3069,sc1,1,1
3070,sc1,1,1
3071,sc1,1,1
3072,sc1,1,1
3073,sc1,1,1
3074,sc1,1,1
3075,sc1,1,1
3076,sc1,1,1
3077,sc1,1,1
3078,sc1,1,1
3079,sc1,1,1
3080,sc1,1,1
3081,sc1,1,1
3082,sc1,1,1
3083,sc1,1,1
3084,sc1,1,1
3085,sc1,1,1
3086,sc1,1,1
3087,sc1,1,1
3088,sc1,1,1
3089,sc1,1,1
3090,sc1,1,1
3091,sc1,1,1
3092,sc1,1,1
3093,sc1,1,1
3094,sc1,1,1
3095,sc1,1,1
3096,sc1,1,1
3097,sc1,1,1
3098,sc1,1,1
3099,sc1,1,1
3100,sc1,1,1
3101,sc1,1,1
3102,sc1,1,1
3103,sc1,1,1
3104,sc1,1,1
3105,sc1,1,1
3106,sc1,1,1
3107,sc1,1,1
3108,sc1,1,1
3109,sc1,1,1
3110,sc1,1,1
3111,sc1,1,1
3112,sc1,1,1
3113,sc1,1,1
3114,sc1,1,1
3115,sc1,1,1
3116,sc1,1,1
3117,sc1,1,1
3118,sc1,1,1
3119,sc1,1,1
3120,sc1,1,1
3121,sc1,1,1
3122,sc1,1,1
3123,sc1,1,1
3124,sc1,1,1
3125,sc1,1,1
3126,sc1,1,1
3127,sc1,1,1
3128,sc1,1,1
3129,sc1,1,1
3130,sc1,1,1
3131,sc1,1,1
3132,sc1,1,1
3133,sc1,1,1
3134,sc1,1,1
3135,sc1,1,1
3136,sc1,1,1
3137,sc1,1,1
3138,sc1,1,1
3139,sc1,1,1
3140,sc1,1,1
3141,sc1,1,1
3142,sc1,1,1
3143,sc1,1,1
3144,sc1,1,1
3145,sc1,1,1
3146,sc1,1,1
3147,sc1,1,1
3148,sc1,1,1
3149,sc1,1,1
3150,sc1,1,1
3151,sc1,1,1
3152,sc1,1,1
3153,sc1,1,1
3154,sc1,1,1
3155,sc1,1,1
3156,sc1,1,1
3157,sc1,1,1
3158,sc1,1,1
3159,sc1,1,1
3160,sc1,1,1
3161,sc1,1,1
3162,sc1,1,1
3163,sc1,1,1
3164,sc1,1,1
3165,sc1,1,1
3166,sc1,1,1
3167,sc1,1,1
3168,sc1,1,1
3169,sc1,1,1
3170,sc1,1,1
3171,sc1,1,1
3172,sc1,1,1
3173,sc1,1,1
3174,sc1,1,1
3175,sc1,1,1
3176,sc1,1,1
3177,sc1,1,1
3178,sc1,1,1
3179,sc1,1,1
3180,sc1,1,1
3181,sc1,1,1
3182,sc1,1,1
3183,sc1,1,1
3184,sc1,1,1
3185,sc1,1,1
3186,sc1,1,1
3187,sc1,1,1
3188,sc1,1,1
3189,sc1,1,1
3190,sc1,1,1
3191,sc1,1,1
3192,sc1,1,1
3193,sc1,1,1
3194,sc1,1,1
3195,sc1,1,1
3196,sc1,1,1
3197,sc1,1,1
3198,sc1,1,1
3199,sc1,1,1
3200,sc1,1,1
3201,sc1,1,1
3202,sc1,1,1
3203,sc1,1,1
3204,sc1,1,1
3205,sc1,1,1
3206,sc1,1,1
3207,sc1,1,1
3208,sc1,1,1
3209,sc1,1,1
3210,sc1,1,1
3211,sc1,1,1
3212,sc1,1,1
3213,sc1,1,1
3214,sc1,1,1
3215,sc1,1,1
3216,sc1,1,1
3217,sc1,1,1
3218,sc1,1,1
3219,sc1,1,1
3220,sc1,1,1
3221,sc1,1,1
3222,sc1,1,1
3223,sc1,1,1
3224,sc1,1,1
3225,sc1,1,1
3226,sc1,1,1
3227,sc1,1,1
3228,sc1,1,1
3229,sc1,1,1
3230,sc1,1,1
3231,sc1,1,1
3232,sc1,1,1
3233,sc1,1,1
3234,sc1,1,1
3235,sc1,1,1
3236,sc1,1,1
3237,sc1,1,1
3238,sc1,1,1
3239,sc1,1,1
3240,sc1,1,1
3241,sc1,1,1
3242,sc1,1,1
3243,sc1,1,1
3244,sc1,1,1
3245,sc1,1,1
3246,sc1,1,1
3247,sc1,1,1
3248,sc1,1,1
3249,sc1,1,1
3250,sc1,1,1
3251,sc1,1,1
3252,sc1,1,1
3253,sc1,1,1
3254,sc1,1,1
3255,sc1,1,1
3256,sc1,1,1
3257,sc1,1,1
3258,sc1,1,1
3259,sc1,1,1
3260,sc1,1,1
3261,sc1,1,1
3262,sc1,1,1
3263,sc1,1,1
3264,sc1,1,1
3265,sc1,1,1
3266,sc1,1,1
3267,sc1,1,1
3268,sc1,1,1
3269,sc1,1,1
3270,sc1,1,1
3271,sc1,1,1
3272,sc1,1,1
3273,sc1,1,1
3274,sc1,1,1
3275,sc1,1,1
3276,sc1,1,1
3277,sc1,1,1
3278,sc1,1,1
3279,sc1,1,1
3280,sc1,1,1
3281,sc1,1,1
3282,sc1,1,1
3283,sc1,1,1
3284,sc1,1,1
3285,sc1,1,1
3286,sc1,1,1
3287,sc1,1,1
3288,sc1,1,1
3289,sc1,1,1
3290,sc1,1,1
3291,sc1,1,1
3292,sc1,1,1
3293,sc1,1,1
3294,sc1,1,1
3295,sc1,1,1
3296,sc1,1,1
3297,sc1,1,1
3298,sc1,1,1
3299,sc1,1,1
3300,sc1,1,1
3301,sc1,1,1
3302,sc1,1,1
3303,sc1,1,1
3304,sc1,1,1
3305,sc1,1,1
3306,sc1,1,1
3307,sc1,1,1
3308,sc1,1,1
3309,sc1,1,1
3310,sc1,1,1
3311,sc1,1,1
3312,sc1,1,1
3313,sc1,1,1
3314,sc1,1,1
3315,sc1,1,1
3316,sc1,1,1
3317,sc1,1,1
3318,sc1,1,1
3319,sc1,1,1
3320,sc1,1,1
3321,sc1,1,1
3322,sc1,1,1
3323,sc1,1,1
3324,sc1,1,1
3325,sc1,1,1
3326,sc1,1,1
3327,sc1,1,1
3328,sc1,1,1
3329,sc1,1,1
3330,sc1,1,1
3331,sc1,1,1
3332,sc1,1,1
3333,sc1,1,1
3334,sc1,1,1
3335,sc1,1,1
3336,sc1,1,1
3337,sc1,1,1
3338,sc1,1,1
3339,sc1,1,1
3340,sc1,1,1
3341,sc1,1,1
3342,sc1,1,1
3343,sc1,1,1
3344,sc1,1,1
3345,sc1,1,1
3346,sc1,1,1
3347,sc1,1,1
3348,sc1,1,1
3349,sc1,1,1
3350,sc1,1,1
3351,sc1,1,1
3352,sc1,1,1
3353,sc1,1,1
3354,sc1,1,1
3355,sc1,1,1
3356,sc1,1,1
3357,sc1,1,1
3358,sc1,1,1
3359,sc1,1,1
3360,sc1,1,1
3361,sc1,1,1
3362,sc1,1,1
3363,sc1,1,1
3364,sc1,1,1
3365,sc1,1,1
3366,sc1,1,1
3367,sc1,1,1
3368,sc1,1,1
3369,sc1,1,1
3370,sc1,1,1
3371,sc1,1,1
3372,sc1,1,1
3373,sc1,1,1
3374,sc1,1,1
3375,sc1,1,1
3376,sc1,1,1
3377,sc1,1,1
3378,sc1,1,1
3379,sc1,1,1
3380,sc1,1,1
3381,sc1,1,1
3382,sc1,1,1
3383,sc1,1,1
3384,sc1,1,1
3385,sc1,1,1
3386,sc1,1,1
3387,sc1,1,1
3388,sc1,1,1
3389,sc1,1,1
3390,sc1,1,1
3391,sc1,1,1
3392,sc1,1,1
3393,sc1,1,1
3394,sc1,1,1
3395,sc1,1,1
3396,sc1,1,1
3397,sc1,1,1
3398,sc1,1,1
3399,sc1,1,1
3400,sc1,1,1
3401,sc1,1,1
3402,sc1,1,1
3403,sc1,1,1
3404,sc1,1,1
3405,sc1,1,1
3406,sc1,1,1
3407,sc1,1,1
3408,sc1,1,1
3409,sc1,1,1
3410,sc1,1,1
3411,sc1,1,1
3412,sc1,1,1
3413,sc1,1,1
3414,sc1,1,1
3415,sc1,1,1
3416,sc1,1,1
3417,sc1,1,1
3418,sc1,1,1
3419,sc1,1,1
3420,sc1,1,1
3421,sc1,1,1
3422,sc1,1,1
3423,sc1,1,1
3424,sc1,1,1
3425,sc1,1,1
3426,sc1,1,1
3427,sc1,1,1
3428,sc1,1,1
3429,sc1,1,1
3430,sc1,1,1
3431,sc1,1,1
3432,sc1,1,1
3433,sc1,1,1
3434,sc1,1,1
3435,sc1,1,1
3436,sc1,1,1
3437,sc1,1,1
3438,sc1,1,1
3439,sc1,1,1
3440,sc1,1,1
3441,sc1,1,1
3442,sc1,1,1
3443,sc1,1,1
3444,sc1,1,1
3445,sc1,1,1
3446,sc1,1,1
3447,sc1,1,1
3448,sc1,1,1
3449,sc1,1,1
3450,sc1,1,1
3451,sc1,1,1
3452,sc1,1,1
3453,sc1,1,1
3454,sc1,1,1
3455,sc1,1,1
3456,sc1,1,1
3457,sc1,1,1
3458,sc1,1,1
3459,sc1,1,1
3460,sc1,1,1
3461,sc1,1,1
3462,sc1,1,1
3463,sc1,1,1
3464,sc1,1,1
3465,sc1,1,1
3466,sc1,1,1
3467,sc1,1,1
3468,sc1,1,1
3469,sc1,1,1
3470,sc1,1,1
3471,sc1,1,1
3472,sc1,1,1
3473,sc1,1,1
3474,sc1,1,1
3475,sc1,1,1
3476,sc1,1,1
3477,sc1,1,1
3478,sc1,1,1
3479,sc1,1,1
3480,sc1,1,1
3481,sc1,1,1
3482,sc1,1,1
3483,sc1,1,1
3484,sc1,1,1
3485,sc1,1,1
3486,sc1,1,1
3487,sc1,1,1
3488,sc1,1,1
3489,sc1,1,1
3490,sc1,1,1
3491,sc1,1,1
3492,sc1,1,1
3493,sc1,1,1
3494,sc1,1,1
3495,sc1,1,1
3496,sc1,1,1
3497,sc1,1,1
3498,sc1,1,1
3499,sc1,1,1
3500,sc1,1,1
3501,sc1,1,1
3502,sc1,1,1
3503,sc1,1,1
3504,sc1,1,1
3505,sc1,1,1
3506,sc1,1,1
3507,sc1,1,1
3508,sc1,1,1
3509,sc1,1,1
3510,sc1,1,1
3511,sc1,1,1
3512,sc1,1,1
3513,sc1,1,1
3514,sc1,1,1
3515,sc1,1,1
3516,sc1,1,1
3517,sc1,1,1
3518,sc1,1,1
3519,sc1,1,1
3520,sc1,1,1
3521,sc1,1,1
3522,sc1,1,1
3523,sc1,1,1
3524,sc1,1,1
3525,sc1,1,1
3526,sc1,1,1
3527,sc1,1,1
3528,sc1,1,1
3529,sc1,1,1
3530,sc1,1,1
3531,sc1,1,1
3532,sc1,1,1
3533,sc1,1,1
3534,sc1,1,1
3535,sc1,1,1
3536,sc1,1,1
3537,sc1,1,1
3538,sc1,1,1
3539,sc1,1,1
3540,sc1,1,1
3541,sc1,1,1
3542,sc1,1,1
3543,sc1,1,1
3544,sc1,1,1
3545,sc1,1,1
3546,sc1,1,1
3547,sc1,1,1
3548,sc1,1,1
3549,sc1,1,1
3550,sc1,1,1
3551,sc1,1,1
3552,sc1,1,1
3553,sc1,1,1
3554,sc1,1,1
3555,sc1,1,1
3556,sc1,1,1
3557,sc1,1,1
3558,sc1,1,1
3559,sc1,1,1
3560,sc1,1,1
3561,sc1,1,1
3562,sc1,1,1
3563,sc1,1,1
3564,sc1,1,1
3565,sc1,1,1
3566,sc1,1,1
3567,sc1,1,1
3568,sc1,1,1
3569,sc1,1,1
3570,sc1,1,1
3571,sc1,1,1
3572,sc1,1,1
3573,sc1,1,1
3574,sc1,1,1
3575,sc1,1,1
3576,sc1,1,1
3577,sc1,1,1
3578,sc1,1,1
3579,sc1,1,1
3580,sc1,1,1
3581,sc1,1,1
3582,sc1,1,1
3583,sc1,1,1
3584,sc1,1,1
3585,sc1,1,1
3586,sc1,1,1
3587,sc1,1,1
3588,sc1,1,1
3589,sc1,1,1
3590,sc1,1,1
3591,sc1,1,1
3592,sc1,1,1
3593,sc1,1,1
3594,sc1,1,1
3595,sc1,1,1
3596,sc1,1,1
3597,sc1,1,1
3598,sc1,1,1
3599,sc1,1,1
3600,sc1,1,1
3601,sc1,1,1
3602,sc1,1,1
3603,sc1,1,1
3604,sc1,1,1
3605,sc1,1,1
3606,sc1,1,1
3607,sc1,1,1
3608,sc1,1,1
3609,sc1,1,1
3610,sc1,1,1
3611,sc1,1,1
3612,sc1,1,1
3613,sc1,1,1
3614,sc1,1,1
3615,sc1,1,1
3616,sc1,1,1
3617,sc1,1,1
3618,sc1,1,1
3619,sc1,1,1
3620,sc1,1,1
3621,sc1,1,1
3622,sc1,1,1
3623,sc1,1,1
3624,sc1,1,1
3625,sc1,1,1
3626,sc1,1,1
3627,sc1,1,1
3628,sc1,1,1
3629,sc1,1,1
3630,sc1,1,1
3631,sc1,1,1
3632,sc1,1,1
3633,sc1,1,1
3634,sc1,1,1
3635,sc1,1,1
3636,sc1,1,1
3637,sc1,1,1
3638,sc1,1,1
3639,sc1,1,1
3640,sc1,1,1
3641,sc1,1,1
3642,sc1,1,1
3643,sc1,1,1
3644,sc1,1,1
3645,sc1,1,1
3646,sc1,1,1
3647,sc1,1,1
3648,sc1,1,1
3649,sc1,1,1
3650,sc1,1,1
3651,sc1,1,1
3652,sc1,1,1
3653,sc1,1,1
3654,sc1,1,1
3655,sc1,1,1
3656,sc1,1,1
3657,sc1,1,1
3658,sc1,1,1
3659,sc1,1,1
3660,sc1,1,1
3661,sc1,1,1
3662,sc1,1,1
3663,sc1,1,1
3664,sc1,1,1
3665,sc1,1,1
3666,sc1,1,1
3667,sc1,1,1
3668,sc1,1,1
3669,sc1,1,1
3670,sc1,1,1
3671,sc1,1,1
3672,sc1,1,1
3673,sc1,1,1
3674,sc1,1,1
3675,sc1,1,1
3676,sc1,1,1
3677,sc1,1,1
3678,sc1,1,1
3679,sc1,1,1
3680,sc1,1,1
3681,sc1,1,1
3682,sc1,1,1
3683,sc1,1,1
3684,sc1,1,1
3685,sc1,1,1
3686,sc1,1,1
3687,sc1,1,1
3688,sc1,1,1
3689,sc1,1,1
3690,sc1,1,1
3691,sc1,1,1
3692,sc1,1,1
3693,sc1,1,1
3694,sc1,1,1
3695,sc1,1,1
3696,sc1,1,1
3697,sc1,1,1
3698,sc1,1,1
3699,sc1,1,1
3700,sc1,1,1
3701,sc1,1,1
3702,sc1,1,1
3703,sc1,1,1
3704,sc1,1,1
3705,sc1,1,1
3706,sc1,1,1
3707,sc1,1,1
3708,sc1,1,1
3709,sc1,1,1
3710,sc1,1,1
3711,sc1,1,1
3712,sc1,1,1
3713,sc1,1,1
3714,sc1,1,1
3715,sc1,1,1
3716,sc1,1,1
3717,sc1,1,1
3718,sc1,1,1
3719,sc1,1,1
3720,sc1,1,1
3721,sc1,1,1
3722,sc1,1,1
3723,sc1,1,1
3724,sc1,1,1
3725,sc1,1,1
3726,sc1,1,1
3727,sc1,1,1
3728,sc1,1,1
3729,sc1,1,1
3730,sc1,1,1
3731,sc1,1,1
3732,sc1,1,1
3733,sc1,1,1
3734,sc1,1,1
3735,sc1,1,1
3736,sc1,1,1
3737,sc1,1,1
3738,sc1,1,1
3739,sc1,1,1
3740,sc1,1,1
3741,sc1,1,1
3742,sc1,1,1
3743,sc1,1,1
3744,sc1,1,1
3745,sc1,1,1
3746,sc1,1,1
3747,sc1,1,1
3748,sc1,1,1
3749,sc1,1,1
3750,sc1,1,1
3751,sc1,1,1
3752,sc1,1,1
3753,sc1,1,1
3754,sc1,1,1
3755,sc1,1,1
3756,sc1,1,1
3757,sc1,1,1
3758,sc1,1,1
3759,sc1,1,1
3760,sc1,1,1
3761,sc1,1,1
3762,sc1,1,1
3763,sc1,1,1
3764,sc1,1,1
3765,sc1,1,1
3766,sc1,1,1
3767,sc1,1,1
3768,sc1,1,1
3769,sc1,1,1
3770,sc1,1,1
3771,sc1,1,1
3772,sc1,1,1
3773,sc1,1,1
3774,sc1,1,1
3775,sc1,1,1
3776,sc1,1,1
3777,sc1,1,1
3778,sc1,1,1
3779,sc1,1,1
3780,sc1,1,1
3781,sc1,1,1
3782,sc1,1,1
3783,sc1,1,1
3784,sc1,1,1
3785,sc1,1,1
3786,sc1,1,1
3787,sc1,1,1
3788,sc1,1,1
3789,sc1,1,1
3790,sc1,1,1
3791,sc1,1,1
3792,sc1,1,1
3793,sc1,1,1
3794,sc1,1,1
3795,sc1,1,1
3796,sc1,1,1
3797,sc1,1,1
3798,sc1,1,1
3799,sc1,1,1
3800,sc1,1,1
3801,sc1,1,1
3802,sc1,1,1
3803,sc1,1,1
3804,sc1,1,1
3805,sc1,1,1
3806,sc1,1,1
3807,sc1,1,1
3808,sc1,1,1
3809,sc1,1,1
3810,sc1,1,1
3811,sc1,1,1
3812,sc1,1,1
3813,sc1,1,1
3814,sc1,1,1
3815,sc1,1,1
3816,sc1,1,1
3817,sc1,1,1
3818,sc1,1,1
3819,sc1,1,1
3820,sc1,1,1
3821,sc1,1,1
3822,sc1,1,1
3823,sc1,1,1
3824,sc1,1,1
3825,sc1,1,1
3826,sc1,1,1
3827,sc1,1,1
3828,sc1,1,1
3829,sc1,1,1
3830,sc1,1,1
3831,sc1,1,1
3832,sc1,1,1
3833,sc1,1,1
3834,sc1,1,1
3835,sc1,1,1
3836,sc1,1,1
3837,sc1,1,1
3838,sc1,1,1
3839,sc1,1,1
3840,sc1,1,1
3841,sc1,1,1
3842,sc1,1,1
3843,sc1,1,1
3844,sc1,1,1
3845,sc1,1,1
3846,sc1,1,1
3847,sc1,1,1
3848,sc1,1,1
3849,sc1,1,1
3850,sc1,1,1
3851,sc1,1,1
3852,sc1,1,1
3853,sc1,1,1
3854,sc1,1,1
3855,sc1,1,1
3856,sc1,1,1
3857,sc1,1,1
3858,sc1,1,1
3859,sc1,1,1
3860,sc1,1,1
3861,sc1,1,1
3862,sc1,1,1
3863,sc1,1,1
3864,sc1,1,1
3865,sc1,1,1
3866,sc1,1,1
3867,sc1,1,1
3868,sc1,1,1
3869,sc1,1,1
3870,sc1,1,1
3871,sc1,1,1
3872,sc1,1,1
3873,sc1,1,1
3874,sc1,1,1
3875,sc1,1,1
3876,sc1,1,1
3877,sc1,1,1
3878,sc1,1,1
3879,sc1,1,1
3880,sc1,1,1
3881,sc1,1,1
3882,sc1,1,1
3883,sc1,1,1
3884,sc1,1,1
3885,sc1,1,1
3886,sc1,1,1
3887,sc1,1,1
3888,sc1,1,1
3889,sc1,1,1
3890,sc1,1,1
3891,sc1,1,1
3892,sc1,1,1