gen_name,sc_name,tp_name,DispatchGen_MW
1,sc1,1,12.099994079674646
2,sc1,1,2.4549306075573126e-7
3,sc1,1,2.454930607542069e-7
4,sc1,1,1.099997550002866
5,sc1,1,1.099997550002866
6,sc1,1,1.0999975500028663
7,sc1,1,0.4999975744845548
8,sc1,1,0.4999975744845548
9,sc1,1,0.9999943461487764
10,sc1,1,0.9999976523800961
11,sc1,1,1.3999975684865478
12,sc1,1,59.07383590192133
13,sc1,1,15.724381045277703
14,sc1,1,15.724381045277632
15,sc1,1,18.9385048164451
16,sc1,1,11.385852048664972
17,sc1,1,11.485850188538228
18,sc1,1,11.485850188538247
19,sc1,1,29.012925205325836
20,sc1,1,27.202955595510318
21,sc1,1,10.121452293582431
22,sc1,1,0.6999976326009434
23,sc1,1,0.6999976326009433
24,sc1,1,11.999995212669317
25,sc1,1,11.999995212669317
26,sc1,1,11.999995212669317
27,sc1,1,13.199994611777525
28,sc1,1,10.44609436395809
29,sc1,1,9.703692783308487
30,sc1,1,9.703692783242099
31,sc1,1,15.341224721453008
32,sc1,1,16.7749916756085
33,sc1,1,16.774991675608426
34,sc1,1,31.418795998417202
35,sc1,1,31.418795998416766
36,sc1,1,13.59999248190059
37,sc1,1,2.5999971722941657
38,sc1,1,2.699997143866779
39,sc1,1,9.999993556160161
40,sc1,1,9.999993778172408
41,sc1,1,16.699999363677573
42,sc1,1,16.699999363677573
43,sc1,1,16.699999363677573
44,sc1,1,16.699999363677573
45,sc1,1,16.699999363677573
46,sc1,1,16.699999363677573
47,sc1,1,16.699999363677573
48,sc1,1,16.699999363677573
49,sc1,1,16.699999363677573
50,sc1,1,16.699999363677573
51,sc1,1,5.712556902526384
52,sc1,1,40.71291122062562
53,sc1,1,40.312331354993695
54,sc1,1,11.299991577122904
55,sc1,1,11.299991577122904
56,sc1,1,1.4999975393968996
57,sc1,1,3.399996649533015
58,sc1,1,82.17640620897575
59,sc1,1,82.17640620902588
60,sc1,1,82.17640620897839
61,sc1,1,82.17640620898263
62,sc1,1,82.17640620898258
63,sc1,1,82.17640620898447
64,sc1,1,3.5999966630388283
65,sc1,1,1.5999974229586174
66,sc1,1,16.371303184969133
67,sc1,1,16.371303185000908
68,sc1,1,24.881695866907837
69,sc1,1,24.88169586690758
70,sc1,1,17.998846423995357
71,sc1,1,17.998846423995133
72,sc1,1,16.076175700687816
73,sc1,1,15.070813679827417
74,sc1,1,18.92065420610756
75,sc1,1,18.920654206108672
76,sc1,1,4.399995721146922
77,sc1,1,1.9999970044490691
78,sc1,1,2.999996574731524
79,sc1,1,30.555507913430734
80,sc1,1,30.555507913430304
81,sc1,1,12.299993800787623
82,sc1,1,13.39443850528867
83,sc1,1,5.712542101475845
84,sc1,1,6.999993554440021
85,sc1,1,3.6999965951272284
86,sc1,1,6.599994189021863
87,sc1,1,5.999995023972732
88,sc1,1,39.97812267694042
89,sc1,1,11.648302048993694
90,sc1,1,12.638717003598064
91,sc1,1,4.199997618454621
92,sc1,1,4.199997618454621
93,sc1,1,5.712562278495253
94,sc1,1,13.599991657632833
95,sc1,1,13.599992209765803
96,sc1,1,2.799996997786687
97,sc1,1,9.953757162413279
98,sc1,1,9.9537571623636
99,sc1,1,12.775757449735295
100,sc1,1,12.775757449914268
101,sc1,1,0.49999760913092633
102,sc1,1,0.399997629013564
103,sc1,1,1.1999975876463922
104,sc1,1,10.031647595569396
105,sc1,1,1.9999966926236878
106,sc1,1,1.9999966926236876
107,sc1,1,2.6049078525918502e-6
108,sc1,1,2.604907852549045e-6
109,sc1,1,4.4798768355418826e-6
110,sc1,1,15.799997250445662
111,sc1,1,15.799997250445662
112,sc1,1,17.49999706135158
113,sc1,1,17.49999706135158
114,sc1,1,22.129566057145794
115,sc1,1,22.12956605714744
116,sc1,1,22.12956605714743
117,sc1,1,22.905612531281893
118,sc1,1,23.217647343714134
119,sc1,1,18.846364018667174
120,sc1,1,28.509648125077682
121,sc1,1,35.138725844094054
122,sc1,1,35.13872584410573
123,sc1,1,2.4999975010850837
124,sc1,1,2.4999975010850837
125,sc1,1,2.299997579911794
126,sc1,1,2.7999972889095894
127,sc1,1,2.7999972889095894
128,sc1,1,2.7999972889095894
129,sc1,1,0.9999977343577204
130,sc1,1,0.9999977343577204
131,sc1,1,1.999997631358773
132,sc1,1,2.199997600244928
133,sc1,1,1.999997631358773
134,sc1,1,1.9999976280552128
135,sc1,1,2.4999975024705723
136,sc1,1,1.5999976821192765
137,sc1,1,2.9999968117590963
138,sc1,1,2.9999968117590963
139,sc1,1,5.999993848063351
140,sc1,1,1.4999979243078567
141,sc1,1,1.4999979243078567
142,sc1,1,3.885751068759947e-6
143,sc1,1,2.299998097575453
144,sc1,1,13.736684797077398
145,sc1,1,13.595387128198627
146,sc1,1,1.6383104649189044e-6
147,sc1,1,1.6383104649188695e-6
148,sc1,1,1.6383104649188835e-6
149,sc1,1,1.6383104649188883e-6
150,sc1,1,28.82326742600265
151,sc1,1,28.823267426003188
152,sc1,1,28.823267426003884
153,sc1,1,28.82326742594464
154,sc1,1,61.49465356160282
155,sc1,1,61.49465356160529
156,sc1,1,4.746076868153029e-6
157,sc1,1,4.746076868153643e-6
158,sc1,1,11.29999551835013
159,sc1,1,1.4860197931239308e-6
160,sc1,1,1.4860197931227545e-6
161,sc1,1,4.320568403968628e-6
162,sc1,1,5.89999585703721
163,sc1,1,7.199994603838804
164,sc1,1,164.59999813633348
165,sc1,1,164.59999813633348
166,sc1,1,71.65442648630365
167,sc1,1,164.59999813633348
168,sc1,1,164.59999813633348
169,sc1,1,71.65442648633768
170,sc1,1,0.7999978918135554
171,sc1,1,0.7999978918135554
172,sc1,1,0.7999978918135554
173,sc1,1,0.7999978918135554
174,sc1,1,1.299998258579544
175,sc1,1,1.299998258579544
176,sc1,1,7.499992274985321
177,sc1,1,7.499992274985321
178,sc1,1,8.599987840237484
179,sc1,1,6.595982484124664
180,sc1,1,6.59598248412462
181,sc1,1,1.4066891545556697e-7
182,sc1,1,8.651176228769746e-7
183,sc1,1,8.651176229159006e-7
184,sc1,1,25.39999907767927
185,sc1,1,55.09999892858998
186,sc1,1,29.20115968713386
187,sc1,1,36.88504586734325
188,sc1,1,36.88504586734302
189,sc1,1,18.716428833722595
190,sc1,1,18.716428833722645
191,sc1,1,17.041146661381987
192,sc1,1,4.999994338746582
193,sc1,1,4.999994338746582
194,sc1,1,4.7999945947786
195,sc1,1,4.399995042148892
196,sc1,1,9.999988881889903
197,sc1,1,9.599990213106032
198,sc1,1,16.499961728891407
199,sc1,1,16.499961728891513
200,sc1,1,2.1634879828386566
201,sc1,1,89.89999849237374
202,sc1,1,14.045804766015374
203,sc1,1,43.19998818535839
204,sc1,1,43.19998818535839
205,sc1,1,8.939188876474992e-7
206,sc1,1,2.135466158352511
207,sc1,1,3.1999973206117507
208,sc1,1,10.099995093363411
209,sc1,1,1.999998100236683
210,sc1,1,2.799997256655213
211,sc1,1,2.799997256655213
212,sc1,1,85.2999973472495
213,sc1,1,85.2999973472495
214,sc1,1,41.09269174147377
215,sc1,1,34.11194454864563
216,sc1,1,34.11194454865163
217,sc1,1,34.111944548651174
218,sc1,1,34.11194454865189
219,sc1,1,34.11194454866331
220,sc1,1,1.7423444514450373e-6
221,sc1,1,126.51061888944697
222,sc1,1,51.292210527484606
223,sc1,1,51.29221052748437
224,sc1,1,51.292210527483206
225,sc1,1,51.292210527493715
226,sc1,1,51.29221052747727
227,sc1,1,51.29221052748845
228,sc1,1,1.7423444514452096e-6
229,sc1,1,116.30487180061661
230,sc1,1,126.51061888940656
231,sc1,1,21.800657071719325
232,sc1,1,2.799997539804227
233,sc1,1,2.799997539804227
234,sc1,1,1.2538018156473046e-6
235,sc1,1,1.2538018156473533e-6
236,sc1,1,97.8839637848361
237,sc1,1,97.88395897209287
238,sc1,1,26.61976475418657
239,sc1,1,26.619764754144214
240,sc1,1,21.896572510085793
241,sc1,1,29.744616414904513
242,sc1,1,128.36749978759622
243,sc1,1,128.36749978759366
244,sc1,1,118.28756540800991
245,sc1,1,8.999994242684965
246,sc1,1,20.40408714798018
247,sc1,1,12.776030658630091
248,sc1,1,9.999993587788639
249,sc1,1,34.928131449136664
250,sc1,1,11.699994310029439
251,sc1,1,11.699994310029439
252,sc1,1,6.499994449557103
253,sc1,1,9.99999385607419
254,sc1,1,23.707102150656485
255,sc1,1,23.707102150656503
256,sc1,1,27.55496046179248
257,sc1,1,27.554960461793282
258,sc1,1,28.78975981734186
259,sc1,1,15.999993102105595
260,sc1,1,15.299995523094108
261,sc1,1,29.38034240907557
262,sc1,1,25.774617779420243
263,sc1,1,6.099995021714881
264,sc1,1,37.88893208336457
265,sc1,1,37.32749787808067
266,sc1,1,37.32749787808333
267,sc1,1,39.2445667001762
268,sc1,1,39.244566700090196
269,sc1,1,35.55087861002446
270,sc1,1,11.874471927928774
271,sc1,1,32.821834490791495
272,sc1,1,32.82183449079217
273,sc1,1,42.35141818614573
274,sc1,1,42.35141818595228
275,sc1,1,59.256830688402
276,sc1,1,46.90981481618485
277,sc1,1,59.25683068839888
278,sc1,1,46.909814816185175
279,sc1,1,59.25683068840108
280,sc1,1,46.909814816115706
281,sc1,1,21.725558417409644
282,sc1,1,21.725558417410134
283,sc1,1,21.725558417409452
284,sc1,1,16.14613290394539
285,sc1,1,31.72483268745774
286,sc1,1,31.724832687457408
287,sc1,1,31.724832687458907
288,sc1,1,36.42264485134654
289,sc1,1,36.42264485154569
290,sc1,1,18.627761425576963
291,sc1,1,18.627761422926376
292,sc1,1,18.627761422926596
293,sc1,1,6.699991166311741
294,sc1,1,6.699991166311741
295,sc1,1,68.58457446830427
296,sc1,1,68.58457446753701
297,sc1,1,68.58457446754457
298,sc1,1,68.58457446753044
299,sc1,1,68.58457446753224
300,sc1,1,1.9999973316486985
301,sc1,1,1.9999973316486985
302,sc1,1,8.286488369003324
303,sc1,1,8.286488369003298
304,sc1,1,8.286488369003296
305,sc1,1,8.286488368937727
306,sc1,1,23.78428402317286
307,sc1,1,23.78428402317278
308,sc1,1,23.784284023172635
309,sc1,1,23.784284023172592
310,sc1,1,23.784284023173132
311,sc1,1,23.784284023173342
312,sc1,1,23.78428402317358
313,sc1,1,23.78428402317354
314,sc1,1,42.8756983004728
315,sc1,1,42.875698300473665
316,sc1,1,33.347473894927255
317,sc1,1,33.347473894926466
318,sc1,1,76.35591368437372
319,sc1,1,76.35591368438261
320,sc1,1,0.6999981765648557
321,sc1,1,0.6999981765648557
322,sc1,1,2.89999748378065
323,sc1,1,2.899997581121637
324,sc1,1,7.899996050790518
325,sc1,1,1.899998073949189
326,sc1,1,3.0999980769984368
327,sc1,1,4.099998000924382
328,sc1,1,9.999993743949858
329,sc1,1,3.599996667369271
330,sc1,1,3.599996667369271
331,sc1,1,3.599996667369271
332,sc1,1,1.8999977995052142
333,sc1,1,1.8999977995052142
334,sc1,1,1.8999977995052142
335,sc1,1,2.399996602102885
336,sc1,1,1.3999975794926207
337,sc1,1,12.699993308820742
338,sc1,1,65.4738204668683
339,sc1,1,13.373199327326173
340,sc1,1,12.099993283816424
341,sc1,1,0.999997593557048
342,sc1,1,54.999999411552174
343,sc1,1,15.24348592356592
344,sc1,1,3.865349043696105
345,sc1,1,3.865349043668737
346,sc1,1,2.245014758808908
347,sc1,1,2.2450147588089417
348,sc1,1,2.24501475880894
349,sc1,1,2.2450147588641074
350,sc1,1,1158.9999936733132
351,sc1,1,1163.9999936487272
352,sc1,1,66.00193163876226
353,sc1,1,66.00193163874134
354,sc1,1,24.405857233932416
355,sc1,1,24.405857233930845
356,sc1,1,2.5597179569141297e-7
357,sc1,1,2.559717956874902e-7
358,sc1,1,2.559717956904529e-7
359,sc1,1,2.999997559161974
360,sc1,1,13.999996000219996
361,sc1,1,13.999996000219996
362,sc1,1,17.99999378087301
363,sc1,1,6.775106751675314e-7
364,sc1,1,6.775106751667936e-7
365,sc1,1,6.77510675164225e-7
366,sc1,1,6.775106751666023e-7
367,sc1,1,6.775106751668759e-7
368,sc1,1,6.775106751656098e-7
369,sc1,1,18.326466711131783
370,sc1,1,0.999998270236526
371,sc1,1,4.899996454074911
372,sc1,1,4.499997467742874
373,sc1,1,4.499997467742874
374,sc1,1,9.899995895489887
375,sc1,1,5.099997816402222
376,sc1,1,2.999996912851903
377,sc1,1,0.5999975908076349
378,sc1,1,10.899995053713457
379,sc1,1,10.899995053713457
380,sc1,1,10.899995053713457
381,sc1,1,3.399996788794087
382,sc1,1,0.9999978184445939
383,sc1,1,0.9999978184445939
384,sc1,1,0.9999978184445937
385,sc1,1,2.4999970567391387
386,sc1,1,2.4999970567391387
387,sc1,1,3.499996774092421
388,sc1,1,3.899998405843996
389,sc1,1,3.899998405843996
390,sc1,1,6.7751687048854725
391,sc1,1,53.51519609336592
392,sc1,1,8.399999430060168
393,sc1,1,8.399999430060168
394,sc1,1,8.399999430060168
395,sc1,1,8.399999430060168
396,sc1,1,8.399999430060168
397,sc1,1,8.399999430060168
398,sc1,1,24.189483702108006
399,sc1,1,0.0002768648688131381
400,sc1,1,11.872477944755044
401,sc1,1,11.872477944756026
402,sc1,1,4.449411788060183
403,sc1,1,33.13206109162674
404,sc1,1,42.49999437322104
405,sc1,1,10.496706446266273
406,sc1,1,54.99999941031527
407,sc1,1,54.99999941031527
408,sc1,1,9.65607322891708e-7
409,sc1,1,9.656073228918156e-7
410,sc1,1,9.65607322891717e-7
411,sc1,1,9.656073228917188e-7
412,sc1,1,9.65607322885808e-7
413,sc1,1,24.50584724790207
414,sc1,1,8.867756972985232
415,sc1,1,8.867756972987243
416,sc1,1,1.9999973200953751
417,sc1,1,13.1999996137467
418,sc1,1,23.99999955896324
419,sc1,1,62.99999936595567
420,sc1,1,127.99999904606057
421,sc1,1,49.799997111967016
422,sc1,1,49.799997111967016
423,sc1,1,49.799997111967016
424,sc1,1,20.512964518144553
425,sc1,1,118.69999850726477
426,sc1,1,11.51883750077567
427,sc1,1,1.8436024709359258e-7
428,sc1,1,1.8436024714260243e-7
429,sc1,1,25.97164473463723
430,sc1,1,25.97164473463755
431,sc1,1,25.971644734639916
432,sc1,1,9.499993647756238
433,sc1,1,3.299997314756421
434,sc1,1,3.299997314756421
435,sc1,1,3.299997314756421
436,sc1,1,3.299997314756421
437,sc1,1,3.299997314756421
438,sc1,1,3.299997314756421
439,sc1,1,3.299997314756421
440,sc1,1,3.299997314756421
441,sc1,1,3.299997314756421
442,sc1,1,29.481633210783492
443,sc1,1,28.923735486197884
444,sc1,1,17.39999958838472
445,sc1,1,1.170926871670606e-6
446,sc1,1,1.1709268715333725e-6
447,sc1,1,1.1709268715695797e-6
448,sc1,1,1.1709268715680453e-6
449,sc1,1,89.99999865740052
450,sc1,1,6.934823154441101
451,sc1,1,3.4999987022519288
452,sc1,1,3.3369764326049165e-7
453,sc1,1,1.4066339189496277e-6
454,sc1,1,1.4066339189496087e-6
455,sc1,1,1.4066339189495858e-6
456,sc1,1,1.394408821849547e-6
457,sc1,1,5.999998381730746
458,sc1,1,4.499998903531224
459,sc1,1,0.9999976354134735
460,sc1,1,0.9999976354134735
461,sc1,1,5.899997183970955
462,sc1,1,5.899997183970955
463,sc1,1,4.4852921224544956e-7
464,sc1,1,45.2999985996238
465,sc1,1,10.499996158511147
466,sc1,1,4.799998768574774
467,sc1,1,7.600207702875875e-7
468,sc1,1,7.600207702704928e-7
469,sc1,1,7.600207702835613e-7
470,sc1,1,8.699999629180992
471,sc1,1,5.199998470451998
472,sc1,1,5.199998470451998
473,sc1,1,42.39999353846423
474,sc1,1,42.39999353846423
475,sc1,1,40.29916512047628
476,sc1,1,9.099996758001328
477,sc1,1,40.699991325964874
478,sc1,1,5.199997057382354
479,sc1,1,3.2429694414890526e-7
480,sc1,1,90.79999752957518
481,sc1,1,7.760053372912612
482,sc1,1,3.5656949459805866e-7
483,sc1,1,24.609425446971333
484,sc1,1,1.414556140267294e-7
485,sc1,1,1.4145561406020098e-7
486,sc1,1,1.5387943535865624e-7
487,sc1,1,22.5665508119581
488,sc1,1,6.471074714734595
489,sc1,1,1.1650925043380438
490,sc1,1,1.1650925043385207
491,sc1,1,25.858434351112937
492,sc1,1,17.842319591365392
493,sc1,1,44.21792296224627
494,sc1,1,44.217922962349114
495,sc1,1,44.217922962064684
496,sc1,1,45.25226035686172
497,sc1,1,45.25226035675361
498,sc1,1,118.94879905747557
499,sc1,1,118.94879905747557
500,sc1,1,13.791696085821723
501,sc1,1,1.6429162426270193e-7
502,sc1,1,4.999999668258344
503,sc1,1,4.999999668258344
504,sc1,1,4.999999668258344
505,sc1,1,4.999999668218143
506,sc1,1,4.999999668218143
507,sc1,1,4.999999668258344
508,sc1,1,4.999999668258344
509,sc1,1,4.999999668258344
510,sc1,1,38.34745805991323
511,sc1,1,38.347458059913414
512,sc1,1,38.34745805991315
513,sc1,1,38.34745805991386
514,sc1,1,26.082688960642056
515,sc1,1,5.99999827368342
516,sc1,1,59.59999932184262
517,sc1,1,28.99999947328878
518,sc1,1,25.67350936757134
519,sc1,1,16.140346589728413
520,sc1,1,10.10174958479161
521,sc1,1,45.49999944555799
522,sc1,1,45.499999445564306
523,sc1,1,45.49999944559242
524,sc1,1,3.472848893685312e-7
525,sc1,1,44.600996935908526
526,sc1,1,9.531848354793054
527,sc1,1,14.243215535761218
528,sc1,1,14.243215535762184
529,sc1,1,7.827544609066878e-5
530,sc1,1,1.0999975144306207
531,sc1,1,1.0999942591380831
532,sc1,1,11.699999625690365
533,sc1,1,1.284904576800511e-7
534,sc1,1,1.262941716512536e-7
535,sc1,1,1.2629417164918108e-7
536,sc1,1,1.2788917593185868e-7
537,sc1,1,53.899999403463596
538,sc1,1,7.99999963604864
539,sc1,1,21.59999956596229
540,sc1,1,3.2735159561409126e-7
541,sc1,1,3.4496518242446715e-7
542,sc1,1,31.405208875494672
543,sc1,1,3.9661460569360895e-7
544,sc1,1,4.2836670605839083e-7
545,sc1,1,3.3331282878481764e-7
546,sc1,1,3.720691697020469e-7
547,sc1,1,3.5988997095091304e-7
548,sc1,1,32.19999952014477
549,sc1,1,29.999999531073215
550,sc1,1,29.999999531073215
551,sc1,1,29.99999952332795
552,sc1,1,29.99999952332795
553,sc1,1,29.99999952332795
554,sc1,1,29.99999952332795
555,sc1,1,29.99999952332795
556,sc1,1,29.99999952332795
557,sc1,1,1.799997230059761
558,sc1,1,2.799998722829718
559,sc1,1,2.799998722829718
560,sc1,1,30.69580383604478
561,sc1,1,6.999995670624689
562,sc1,1,3.2678548760090557e-7
563,sc1,1,3.2678548760124507e-7
564,sc1,1,3.2070045403420294e-7
565,sc1,1,5.099998320563297
566,sc1,1,5.099998320563297
567,sc1,1,4.0999983424713085
568,sc1,1,0.12929191792020012
569,sc1,1,0.38787625375649987
570,sc1,1,0.38787625375649987
571,sc1,1,0.12929191792020014
572,sc1,1,0.19999822757846014
573,sc1,1,1.0999982129073584
574,sc1,1,1.499999461678643
575,sc1,1,28.33328364483337
576,sc1,1,18.299993104657894
577,sc1,1,18.299993104657894
578,sc1,1,18.299993104657894
579,sc1,1,26.073084523431646
580,sc1,1,32.374779199888955
581,sc1,1,32.37477919988907
582,sc1,1,32.37477919988879
583,sc1,1,32.37477919988882
584,sc1,1,1.3999982331731777
585,sc1,1,3.1999968415214157
586,sc1,1,22.51159637331565
587,sc1,1,2.4999972719163686
588,sc1,1,2.4999972719163686
589,sc1,1,4.9999958979105426
590,sc1,1,2.799998810181399
591,sc1,1,3.2999987911467388
592,sc1,1,30.09999952136176
593,sc1,1,9.499999626079887
594,sc1,1,56.12965744359345
595,sc1,1,56.12965744359613
596,sc1,1,56.12965744359829
597,sc1,1,56.12965744359911
598,sc1,1,12.932086758107463
599,sc1,1,12.932086758108339
600,sc1,1,2.799997170429708
601,sc1,1,1.1999976263127292
602,sc1,1,1.0809517559469635e-6
603,sc1,1,1.0809517559466973e-6
604,sc1,1,1.080951755946462e-6
605,sc1,1,0.8999995012194725
606,sc1,1,0.8999995012194725
607,sc1,1,0.8999995012194725
608,sc1,1,5.89999965699749
609,sc1,1,30.9999995268687
610,sc1,1,4.3484234709273723e-7
611,sc1,1,9.784087440078903
612,sc1,1,3.1985900834318414e-7
613,sc1,1,1.1999982163476481
614,sc1,1,15.299999592820512
615,sc1,1,1.05746586649619e-6
616,sc1,1,14.639713387504047
617,sc1,1,9.799991858403128
618,sc1,1,2.3999971974755625
619,sc1,1,6.899995317453197
620,sc1,1,15.779409833341608
621,sc1,1,2.2004678136450373
622,sc1,1,31.213747779694433
623,sc1,1,21.699999574327975
624,sc1,1,3.3999996731868736
625,sc1,1,1.2993771727277406e-6
626,sc1,1,1.299377172727909e-6
627,sc1,1,1.4999984020477466
628,sc1,1,4.9305610657647225
629,sc1,1,4.930561065764777
630,sc1,1,4.920629334781765
631,sc1,1,4.920629334781837
632,sc1,1,5.408552120484669
633,sc1,1,5.408552120484625
634,sc1,1,25.802495974776924
635,sc1,1,25.802495974657866
636,sc1,1,8.669122513857166e-7
637,sc1,1,1.4999996825731305
638,sc1,1,17.299999583595902
639,sc1,1,29.899999534710254
640,sc1,1,76.8999992987022
641,sc1,1,5.999998271465325
642,sc1,1,8.708333389081807e-7
643,sc1,1,69.84576988363568
644,sc1,1,13.599997221647302
645,sc1,1,11.499997350270164
646,sc1,1,38.899999490900704
647,sc1,1,19.99999958262115
648,sc1,1,3.3049809836056126e-7
649,sc1,1,1.3247599092639053e-7
650,sc1,1,1.324759909263459e-7
651,sc1,1,1.199998819417744
652,sc1,1,0.00017077672806995985
653,sc1,1,8.799997824685951
654,sc1,1,8.799997824685951
655,sc1,1,3.4999986994843835
656,sc1,1,3.4999986994843835
657,sc1,1,3.4999986994843835
658,sc1,1,3.4999986994843835
659,sc1,1,7.499997167380979
660,sc1,1,4.597895442952956
661,sc1,1,19.299987701677793
662,sc1,1,1.4139922926951412e-7
663,sc1,1,1.1999994765022202
664,sc1,1,43.399999466886136
665,sc1,1,1.2057261381753071e-6
666,sc1,1,1.2057261381808402e-6
667,sc1,1,1.205726138180233e-6
668,sc1,1,24.399998846784367
669,sc1,1,5.83585012138424
670,sc1,1,3.3999983070409394
671,sc1,1,3.3999983070409394
672,sc1,1,3.96638302690273
673,sc1,1,3.3999986200079286
674,sc1,1,3.3999986200079286
675,sc1,1,6.755299421867767
676,sc1,1,6.755299421867439
677,sc1,1,6.755299421867476
678,sc1,1,3.499999670508973
679,sc1,1,4.199999665584689
680,sc1,1,23.099999564918246
681,sc1,1,3.6999996690586365
682,sc1,1,2.9999996762131915
683,sc1,1,47.999999436146005
684,sc1,1,40.49999947325208
685,sc1,1,1.263062090813049e-7
686,sc1,1,1.263062090814613e-7
687,sc1,1,1.2630620908136983e-7
688,sc1,1,20.229091501184254
689,sc1,1,4.90131979218521
690,sc1,1,23.49995293424706
691,sc1,1,7.299939644548486
692,sc1,1,23.499996316134837
693,sc1,1,7.599987784831993
694,sc1,1,23.800000076835392
695,sc1,1,4.1999963693420455
696,sc1,1,5.299998783893416
697,sc1,1,1.4999996904700976
698,sc1,1,1.4999996904700976
699,sc1,1,0.9999994751293191
700,sc1,1,0.3999994981170918
701,sc1,1,1.399999464577691
702,sc1,1,3.9999951748323546
703,sc1,1,4.999997906975361
704,sc1,1,14.499910077060987
705,sc1,1,14.499910077060987
706,sc1,1,13.99994509132964
707,sc1,1,5.999980068341221
708,sc1,1,5.999980068341221
709,sc1,1,1.1521999743470712
710,sc1,1,1.152199974347113
711,sc1,1,1.1521999743479447
712,sc1,1,1.1522015689099148
713,sc1,1,1.15220156890967
714,sc1,1,1.1522006871190469
715,sc1,1,1.1522006871236545
716,sc1,1,3.3999983197361634
717,sc1,1,3.3999983197361634
718,sc1,1,3.099997973899281
719,sc1,1,3.0999979738992818
720,sc1,1,3.0999979738992818
721,sc1,1,3.0999979738992818
722,sc1,1,3.3999983070409394
723,sc1,1,3.3999983070409394
724,sc1,1,3.3999983070409394
725,sc1,1,3.3999983070409394
726,sc1,1,3.2163432859049226
727,sc1,1,3.216343285905238
728,sc1,1,1.2354501693352152e-6
729,sc1,1,1.2354501693348315e-6
730,sc1,1,1.2354501693353599e-6
731,sc1,1,1.235450169335303e-6
732,sc1,1,1.235450169335332e-6
733,sc1,1,1.1549642463655748e-6
734,sc1,1,1.1521953163164371
735,sc1,1,1.1521953163162835
736,sc1,1,1.1521953163163503
737,sc1,1,1.1521953163165881
738,sc1,1,3.610830467296642
739,sc1,1,3.610830467296639
740,sc1,1,62.599998784480576
741,sc1,1,62.599998784480576
742,sc1,1,5.3419316423649486
743,sc1,1,28.9999994733737
744,sc1,1,23.49999949917372
745,sc1,1,22.49999950588879
746,sc1,1,9.199998729175602
747,sc1,1,9.999998660562206
748,sc1,1,9.999998660562206
749,sc1,1,21.999999559719413
750,sc1,1,18.39999958532488
751,sc1,1,14.099999606971101
752,sc1,1,21.199999570946055
753,sc1,1,1.7999996847995268
754,sc1,1,24.240156780778452
755,sc1,1,1.3984461765278175e-7
756,sc1,1,3.8999973044015435
757,sc1,1,1.0999980334797101
758,sc1,1,21.59999956596229
759,sc1,1,3.87768370407674e-7
760,sc1,1,0.29999681090017366
761,sc1,1,0.5999995358347205
762,sc1,1,0.5999995358347205
763,sc1,1,0.999999524779917
764,sc1,1,7.499999635385395
765,sc1,1,2.9999996136564517
766,sc1,1,4.4999996028795
767,sc1,1,0.09999965840576057
768,sc1,1,1.299997331907553
769,sc1,1,0.7999995369091212
770,sc1,1,0.7999995369091212
771,sc1,1,13.375385367438062
772,sc1,1,13.811572498405054
773,sc1,1,1.1522169008146792
774,sc1,1,2.9999985557487894
775,sc1,1,2.9999985557487894
776,sc1,1,9.397301736253708e-7
777,sc1,1,32.568585195922715
778,sc1,1,15.499999601893165
779,sc1,1,49.49999943505072
780,sc1,1,2.699997230350453
781,sc1,1,2.699997230350453
782,sc1,1,0.4999976240908746
783,sc1,1,1.2377895944689244e-7
784,sc1,1,1.2377895944684632e-7
785,sc1,1,1.2377895944692e-7
786,sc1,1,1.2377895944688907e-7
787,sc1,1,1.211946460919269e-7
788,sc1,1,28.699999474868942
789,sc1,1,9.099999639909873
790,sc1,1,9.599999637240717
791,sc1,1,4.899995279440638
792,sc1,1,7.299999647889874
793,sc1,1,5.499999659273617
794,sc1,1,11.699999623996096
795,sc1,1,27.099999484430054
796,sc1,1,51.99999940431999
797,sc1,1,6.999999633074944
798,sc1,1,3.4999996561523146
799,sc1,1,18.999999568835378
800,sc1,1,41.19999568508451
801,sc1,1,10.199993118898735
802,sc1,1,6.499999641404231
803,sc1,1,8.299999640685343
804,sc1,1,13.599999612690373
805,sc1,1,36.96878550284576
806,sc1,1,36.96878550284573
807,sc1,1,3.7956076835427974
808,sc1,1,46.799999385037076
809,sc1,1,2.5999988963677647
810,sc1,1,9.322025767494418e-7
811,sc1,1,9.322025767426724e-7
812,sc1,1,9.322025767637181e-7
813,sc1,1,47.499999434831615
814,sc1,1,224.49885084384346
815,sc1,1,1.3388359846995316e-7
816,sc1,1,1.3388359846098644e-7
817,sc1,1,1.33883598459005e-7
818,sc1,1,1.3388359846231377e-7
819,sc1,1,60.27803049923733
820,sc1,1,60.27803049923712
821,sc1,1,60.27803049923525
822,sc1,1,299.9999968031273
823,sc1,1,299.9999968031273
824,sc1,1,299.9999968031273
825,sc1,1,299.9999968031273
826,sc1,1,1.3300521053462317e-7
827,sc1,1,101.34821448238603
828,sc1,1,167.6999979868452
829,sc1,1,167.6999979868452
830,sc1,1,2.999997745720653
831,sc1,1,3.1999977211482564
832,sc1,1,75.64858580798631
833,sc1,1,75.6485858079866
834,sc1,1,86.70281597109343
835,sc1,1,110.26746701672926
836,sc1,1,110.26746701673116
837,sc1,1,76.78113341340553
838,sc1,1,105.82061986757242
839,sc1,1,105.82061986516557
840,sc1,1,138.18309278406693
841,sc1,1,86.04747146222243
842,sc1,1,86.0474714622208
843,sc1,1,83.06288740202906
844,sc1,1,16.499999602242276
845,sc1,1,68.95507843062825
846,sc1,1,68.9550784306284
847,sc1,1,61.04456722797646
848,sc1,1,23.031622524489404
849,sc1,1,22.710619117377558
850,sc1,1,32.95906855254496
851,sc1,1,30.660513432337694
852,sc1,1,172.99999648357397
853,sc1,1,172.99999648357397
854,sc1,1,172.99999648357397
855,sc1,1,81.80846575230483
856,sc1,1,33.100920373476264
857,sc1,1,33.871619841249014
858,sc1,1,26.274085278039482
859,sc1,1,26.274085278039692
860,sc1,1,26.274085278039646
861,sc1,1,35.91781877574284
862,sc1,1,35.91781877526632
863,sc1,1,30.72581079338707
864,sc1,1,1.313237468001003e-7
865,sc1,1,1.3132374679978402e-7
866,sc1,1,1.3132374679994265e-7
867,sc1,1,1.313237467998664e-7
868,sc1,1,1.337591686648807e-7
869,sc1,1,24.131625143228852
870,sc1,1,25.97704528145412
871,sc1,1,28.004164270859896
872,sc1,1,167.99999815869273
873,sc1,1,167.99999815869273
874,sc1,1,167.99999815869273
875,sc1,1,89.09029869600455
876,sc1,1,69.04271922147603
877,sc1,1,30.24758063440843
878,sc1,1,30.247580634408415
879,sc1,1,22.199999572356163
880,sc1,1,42.59999947111155
881,sc1,1,81.12907694300152
882,sc1,1,44.99999326569172
883,sc1,1,44.99999326569172
884,sc1,1,44.99999326569172
885,sc1,1,44.99999326569172
886,sc1,1,23.585304058060125
887,sc1,1,23.585304057969612
888,sc1,1,44.99999309861446
889,sc1,1,44.99999309861446
890,sc1,1,44.99999309861446
891,sc1,1,23.784497285492574
892,sc1,1,28.39411351232474
893,sc1,1,23.97658166036411
894,sc1,1,167.29999782546255
895,sc1,1,48.57395409304559
896,sc1,1,48.57395409303385
897,sc1,1,11.199998390819824
898,sc1,1,11.199998390819824
899,sc1,1,11.199998390819824
900,sc1,1,11.199998390819824
901,sc1,1,11.199998390819824
902,sc1,1,11.199998390819824
903,sc1,1,11.199998390819824
904,sc1,1,11.199998390819824
905,sc1,1,26.165827744288347
906,sc1,1,28.392117102425118
907,sc1,1,58.29999938201003
908,sc1,1,11.49999961563979
909,sc1,1,164.99999823513346
910,sc1,1,164.99999823513346
911,sc1,1,102.54394284512503
912,sc1,1,40.999999481461494
913,sc1,1,61.499999376129026
914,sc1,1,49.999998744914116
915,sc1,1,49.999998744914116
916,sc1,1,10.079780786232446
917,sc1,1,5.899999064932938
918,sc1,1,5.899999064932938
919,sc1,1,39.99999689464512
920,sc1,1,39.99999689464512
921,sc1,1,27.340070336079233
922,sc1,1,98.88765552665933
923,sc1,1,77.16827638353223
924,sc1,1,33.800620400993665
925,sc1,1,145.79999895857028
926,sc1,1,16.19999959834495
927,sc1,1,72.32216160711192
928,sc1,1,72.32216160711197
929,sc1,1,44.149784903683006
930,sc1,1,2.7999994724501343
931,sc1,1,2.7999994724501343
932,sc1,1,2.7999994724501343
933,sc1,1,3.9999954292550544
934,sc1,1,3.69999569110757
935,sc1,1,0.29999716385041797
936,sc1,1,22.399999569464818
937,sc1,1,0.9999982389078892
938,sc1,1,9.62350312614687e-7
939,sc1,1,9.62350312614072e-7
940,sc1,1,9.623503126142823e-7
941,sc1,1,27.786333566071498
942,sc1,1,27.786333566071548
943,sc1,1,28.33229081020649
944,sc1,1,28.332290810205247
945,sc1,1,9.999997951176137
946,sc1,1,9.999997951176137
947,sc1,1,9.999997951176137
948,sc1,1,9.999997951176137
949,sc1,1,2.8999994669603426
950,sc1,1,2.8999994669603426
951,sc1,1,2.8999994669603426
952,sc1,1,2.8999994669603426
953,sc1,1,2.8999994669603426
954,sc1,1,2.8999994669603426
955,sc1,1,2.8999994669603426
956,sc1,1,2.8999994669603426
957,sc1,1,2.8999994669603426
958,sc1,1,2.8999994669603426
959,sc1,1,2.8999994669603426
960,sc1,1,2.8999994669603426
961,sc1,1,2.8999994669603426
962,sc1,1,2.8999994669603426
963,sc1,1,2.8999994669603426
964,sc1,1,2.8999994669603426
965,sc1,1,33.418252282367234
966,sc1,1,33.4182522823343
967,sc1,1,23.143692829580644
968,sc1,1,23.14369282958172
969,sc1,1,17.99999959037069
970,sc1,1,2.399999678818468
971,sc1,1,1.5999996843766608
972,sc1,1,2.4343701416356694e-6
973,sc1,1,49.99999288930817
974,sc1,1,58.99999938578643
975,sc1,1,1.1999994928623217
976,sc1,1,1.1999994928623217
977,sc1,1,1.1999994928623217
978,sc1,1,1.1999994928623217
979,sc1,1,1.1999994928623217
980,sc1,1,1.1999994928623217
981,sc1,1,1.1999994928623217
982,sc1,1,40.9999891700192
983,sc1,1,7.999981963607593
984,sc1,1,149.99999893748094
985,sc1,1,1.2832364331699616e-7
986,sc1,1,1.2832364331716726e-7
987,sc1,1,1.283236433175466e-7
988,sc1,1,37.99999949134197
989,sc1,1,113.9420916166745
990,sc1,1,113.94209161680736
991,sc1,1,254.99955955705477
992,sc1,1,3.255884033873736e-7
993,sc1,1,30.860673959262844
994,sc1,1,28.505379086709773
995,sc1,1,9.444569255438479
996,sc1,1,28.647819732943628
997,sc1,1,33.947704382498685
998,sc1,1,31.04311198773906
999,sc1,1,9.999954800406293
1000,sc1,1,113.95299058792966
1001,sc1,1,113.95299058952305
1002,sc1,1,74.27832138208616
1003,sc1,1,116.97899404196224
1004,sc1,1,116.97899404196217
1005,sc1,1,41.89959875364231
1006,sc1,1,20.558368768057992
1007,sc1,1,20.558368768504348
1008,sc1,1,7.399999638706215
1009,sc1,1,4.599997615191772
1010,sc1,1,48.43412270930645
1011,sc1,1,48.43412270930618
1012,sc1,1,101.19999917313585
1013,sc1,1,3.2163737585864076e-7
1014,sc1,1,6.464608345650018
1015,sc1,1,44.9999994592558
1016,sc1,1,14.73019536909125
1017,sc1,1,14.73019536908515
1018,sc1,1,14.730195369084234
1019,sc1,1,14.730195369085061
1020,sc1,1,0.6464605862376439
1021,sc1,1,0.6464605862376439
1022,sc1,1,15.999999589502272
1023,sc1,1,15.999999589502272
1024,sc1,1,15.999999589502272
1025,sc1,1,15.999999589502272
1026,sc1,1,15.999999589502272
1027,sc1,1,0.38787619608413415
1028,sc1,1,0.38787619608413415
1029,sc1,1,0.38787619608413415
1030,sc1,1,0.38787619608413415
1031,sc1,1,1.292921430091534
1032,sc1,1,1.3098397325990376e-7
1033,sc1,1,1.309839732599258e-7
1034,sc1,1,1.3098397325991173e-7
1035,sc1,1,1.3098397325990688e-7
1036,sc1,1,1.3098397325989865e-7
1037,sc1,1,1.309839732599126e-7
1038,sc1,1,1.2901816745118176e-7
1039,sc1,1,1.2901816745507e-7
1040,sc1,1,1.3472279030947806e-7
1041,sc1,1,1.3472279030943843e-7
1042,sc1,1,0.3878762323157806
1043,sc1,1,0.3878762323157806
1044,sc1,1,0.3878762323157806
1045,sc1,1,0.3878762323157806
1046,sc1,1,28.22327694336236
1047,sc1,1,28.223276943364343
1048,sc1,1,27.15135603980951
1049,sc1,1,0.6464605807077708
1050,sc1,1,0.6464605807077708
1051,sc1,1,1.292921439839623
1052,sc1,1,1.2929214302070542
1053,sc1,1,1.2929214303008183
1054,sc1,1,1.2929214263114688
1055,sc1,1,1.2929214357188619
1056,sc1,1,1.2929214303400582
1057,sc1,1,1.2929214263114688
1058,sc1,1,1.29292143987607
1059,sc1,1,32.776540497444245
1060,sc1,1,32.77654049744747
1061,sc1,1,32.77654049744733
1062,sc1,1,32.77654049744676
1063,sc1,1,2.5858431565796516
1064,sc1,1,7.069847451066921e-7
1065,sc1,1,6.806035327278276e-7
1066,sc1,1,7.032649843597321e-7
1067,sc1,1,1.3206616695181675e-7
1068,sc1,1,1.320661669515528e-7
1069,sc1,1,13.499997501991936
1070,sc1,1,5.499995379382131
1071,sc1,1,1.3108576995703317e-7
1072,sc1,1,1.300794996966417e-7
1073,sc1,1,3.2631739400543117e-7
1074,sc1,1,1.3920172411761863e-7
1075,sc1,1,1.3920172411744642e-7
1076,sc1,1,0.6464605789721911
1077,sc1,1,0.6464605789721911
1078,sc1,1,0.6464605773604751
1079,sc1,1,0.6464605773604751
1080,sc1,1,0.6464605773604751
1081,sc1,1,0.6464605773604751
1082,sc1,1,0.6464605773604751
1083,sc1,1,0.6464605801283546
1084,sc1,1,0.6464605801283546
1085,sc1,1,0.6464605801283546
1086,sc1,1,0.6464605801283546
1087,sc1,1,0.6464605773604751
1088,sc1,1,0.6464605773604751
1089,sc1,1,0.6464605773604751
1090,sc1,1,0.6464605773604751
1091,sc1,1,0.6464605773604751
1092,sc1,1,0.6464605801283546
1093,sc1,1,0.6464605801283546
1094,sc1,1,0.6464605801283546
1095,sc1,1,0.6464605801283546
1096,sc1,1,0.6464605801283546
1097,sc1,1,0.6464605801283546
1098,sc1,1,0.6464605787996053
1099,sc1,1,0.6464605787996053
1100,sc1,1,0.6464605787996053
1101,sc1,1,0.6464605781000724
1102,sc1,1,0.6464605781000724
1103,sc1,1,0.6464605781000724
1104,sc1,1,0.6464605781000724
1105,sc1,1,0.6464605781000724
1106,sc1,1,0.6464605781000724
1107,sc1,1,0.6464605781000724
1108,sc1,1,0.6464605801283546
1109,sc1,1,0.6464605773604751
1110,sc1,1,0.6464605773604751
1111,sc1,1,0.6464605773604751
1112,sc1,1,0.6464605773604751
1113,sc1,1,0.6464605773604751
1114,sc1,1,0.6464605773604751
1115,sc1,1,0.6464605773604751
1116,sc1,1,0.6464605786032153
1117,sc1,1,0.6464605786032153
1118,sc1,1,0.6464605786032153
1119,sc1,1,0.6464605786032153
1120,sc1,1,0.6464605786032153
1121,sc1,1,0.6464605786032153
1122,sc1,1,0.6464605786032153
1123,sc1,1,0.6464605773604751
1124,sc1,1,0.6464605773604751
1125,sc1,1,0.6464605773604751
1126,sc1,1,0.6464605793286258
1127,sc1,1,0.6464605793286258
1128,sc1,1,0.6464605793286258
1129,sc1,1,0.6464605793286258
1130,sc1,1,0.6464605793286258
1131,sc1,1,0.6464605793286258
1132,sc1,1,0.6464605793286258
1133,sc1,1,0.6464605786032153
1134,sc1,1,0.6464605786032153
1135,sc1,1,0.6464605786032153
1136,sc1,1,0.6464605791530742
1137,sc1,1,0.6464605791530742
1138,sc1,1,0.6464605791530742
1139,sc1,1,0.6464605791530742
1140,sc1,1,0.6464605791530742
1141,sc1,1,0.6464605787762536
1142,sc1,1,0.6464605787762536
1143,sc1,1,0.6464605787762536
1144,sc1,1,0.6464605787762536
1145,sc1,1,0.6464605787762536
1146,sc1,1,0.6464605787762536
1147,sc1,1,0.6464605787762536
1148,sc1,1,0.6464605787762536
1149,sc1,1,0.6464605787762536
1150,sc1,1,0.6464605787762536
1151,sc1,1,0.6464605787762536
1152,sc1,1,0.6464605787762536
1153,sc1,1,0.6464605787762536
1154,sc1,1,0.6464605787762536
1155,sc1,1,0.6464605787762536
1156,sc1,1,0.6464605787762536
1157,sc1,1,0.6464605784281512
1158,sc1,1,0.6464605784281512
1159,sc1,1,0.6464605784281512
1160,sc1,1,0.6464605784281512
1161,sc1,1,0.6464605784281512
1162,sc1,1,0.6464605784281512
1163,sc1,1,0.6464605784281512
1164,sc1,1,24.24453476054355
1165,sc1,1,24.2445347605444
1166,sc1,1,24.24453476054386
1167,sc1,1,24.24453476054372
1168,sc1,1,149.99999892272245
1169,sc1,1,149.99999887828787
1170,sc1,1,149.99999887828787
1171,sc1,1,101.9999991766766
1172,sc1,1,167.99999885198903
1173,sc1,1,85.33283370761477
1174,sc1,1,7.999999644917843
1175,sc1,1,6.499999652497963
1176,sc1,1,12.929217023910201
1177,sc1,1,2.8444275168848323
1178,sc1,1,1.4222136187495187
1179,sc1,1,1.6807979690885133
1180,sc1,1,1.2929214421495268
1181,sc1,1,1.5515057868420625
1182,sc1,1,1.5515058020562598
1183,sc1,1,9.696912642766772
1184,sc1,1,181.00904275209717
1185,sc1,1,181.00904275209717
1186,sc1,1,181.00904278654443
1187,sc1,1,7.757530073809102
1188,sc1,1,25.858434339828907
1189,sc1,1,24.56551264630605
1190,sc1,1,2.1999977367049075
1191,sc1,1,2.1999977367049075
1192,sc1,1,327.109197718485
1193,sc1,1,161.61521687354517
1194,sc1,1,161.61521687354517
1195,sc1,1,1.2929214303008183
1196,sc1,1,41.761371039055184
1197,sc1,1,27.151355412422035
1198,sc1,1,111.83772949263708
1199,sc1,1,90.50452039780582
1200,sc1,1,51.71686838955396
1201,sc1,1,0.6464605854244286
1202,sc1,1,0.6464605854244286
1203,sc1,1,0.6464605854244286
1204,sc1,1,0.6464605854244286
1205,sc1,1,0.6464605854244286
1206,sc1,1,0.6464605854244286
1207,sc1,1,0.6464605854244286
1208,sc1,1,0.6464605854244286
1209,sc1,1,0.6464605854244286
1210,sc1,1,0.6464605854244286
1211,sc1,1,33.61596467830479
1212,sc1,1,48.999999438920355
1213,sc1,1,1.1532857026505044e-6
1214,sc1,1,1.1532857026459664e-6
1215,sc1,1,1.1532857026589707e-6
1216,sc1,1,1.1532857026504477e-6
1217,sc1,1,1.1532857026567254e-6
1218,sc1,1,1.1532857026734543e-6
1219,sc1,1,1.153285702647058e-6
1220,sc1,1,1.1532857026635845e-6
1221,sc1,1,1.1532857026953336e-6
1222,sc1,1,1.1532857026663969e-6
1223,sc1,1,1.153285702633612e-6
1224,sc1,1,54.99999940303194
1225,sc1,1,32.08144306449818
1226,sc1,1,32.0814430644986
1227,sc1,1,32.081443064497016
1228,sc1,1,32.08144306450172
1229,sc1,1,32.081443064506345
1230,sc1,1,32.08144306450815
1231,sc1,1,32.081443064507546
1232,sc1,1,32.0814430645075
1233,sc1,1,24.26153011394826
1234,sc1,1,24.261530113949252
1235,sc1,1,24.261530113949732
1236,sc1,1,24.26153011394939
1237,sc1,1,188.99999874878884
1238,sc1,1,166.65761088253754
1239,sc1,1,192.2574617203373
1240,sc1,1,25.858434342819805
1241,sc1,1,19.39382567903404
1242,sc1,1,19.39382567903404
1243,sc1,1,1.2929214305380516
1244,sc1,1,36.05179602696915
1245,sc1,1,36.05179602696944
1246,sc1,1,36.051796026970365
1247,sc1,1,36.05179602696938
1248,sc1,1,36.05179602696334
1249,sc1,1,25.85843434694706
1250,sc1,1,25.85843434292701
1251,sc1,1,0.6464605801283546
1252,sc1,1,0.6464605801283546
1253,sc1,1,0.6464605801283546
1254,sc1,1,0.6464605801283546
1255,sc1,1,0.6464605801283546
1256,sc1,1,7.34398542411892e-7
1257,sc1,1,46.75871479395203
1258,sc1,1,46.7587147940456
1259,sc1,1,46.758714794053915
1260,sc1,1,1.252976407366651e-7
1261,sc1,1,1.2529764073671043e-7
1262,sc1,1,5.81814748809406
1263,sc1,1,48.999997951495615
1264,sc1,1,12.499995417565023
1265,sc1,1,2.4999996721548934
1266,sc1,1,2.799999669522946
1267,sc1,1,3.4999984342103967
1268,sc1,1,1.1636292623568079
1269,sc1,1,0.5171684022941492
1270,sc1,1,2.09999948400009
1271,sc1,1,2.09999948400009
1272,sc1,1,0.38787623202095445
1273,sc1,1,0.6464605723621653
1274,sc1,1,2.4999964595143314
1275,sc1,1,14.393604265313433
1276,sc1,1,14.393604265311644
1277,sc1,1,2.9999962827810522
1278,sc1,1,26.461767495082878
1279,sc1,1,79.19999922683985
1280,sc1,1,1.9999996818421486
1281,sc1,1,1.4222136058181472
1282,sc1,1,1.9393823050135721
1283,sc1,1,21.97966917485593
1284,sc1,1,3.7494727203285994
1285,sc1,1,3.7494727203285994
1286,sc1,1,1.5515057790590692
1287,sc1,1,1.4222136189369596
1288,sc1,1,167.8212402170133
1289,sc1,1,195.48976508088717
1290,sc1,1,132.00730839329182
1291,sc1,1,116.75083146843122
1292,sc1,1,145.45369432709347
1293,sc1,1,3.8787648948746907
1294,sc1,1,3.4908883770831682
1295,sc1,1,78.199999292127
1296,sc1,1,78.1999992910928
1297,sc1,1,5.699990039697766
1298,sc1,1,142.22138991654987
1299,sc1,1,0.9999995221834406
1300,sc1,1,0.9999995221834406
1301,sc1,1,5.1716866213993065
1302,sc1,1,102.4999991715932
1303,sc1,1,17.696588356761982
1304,sc1,1,17.69658835676833
1305,sc1,1,1.3385702957114671e-6
1306,sc1,1,3.232304023803743
1307,sc1,1,1.2929214316264794
1308,sc1,1,151.69999893225457
1309,sc1,1,14.351430904166463
1310,sc1,1,1.2898350676348063e-6
1311,sc1,1,1.2951613373835498e-7
1312,sc1,1,1.551505772816919
1313,sc1,1,119.99999907390246
1314,sc1,1,3.8787648906935117
1315,sc1,1,6.464608354893165
1316,sc1,1,3.8787648906935117
1317,sc1,1,6.464608354893165
1318,sc1,1,3.8787648906935117
1319,sc1,1,6.464608354893165
1320,sc1,1,6.464608353671052
1321,sc1,1,6.464608353671052
1322,sc1,1,6.464608353671052
1323,sc1,1,1.4999996875689687
1324,sc1,1,0.9999997016104286
1325,sc1,1,1.5515057973376494
1326,sc1,1,1.6807979661506829
1327,sc1,1,0.5171683997185998
1328,sc1,1,6.933811106250351e-7
1329,sc1,1,6.933683849206256e-7
1330,sc1,1,6.93636380363196e-7
1331,sc1,1,6.848021257975823e-7
1332,sc1,1,6.610374002422904e-7
1333,sc1,1,6.464608354266787
1334,sc1,1,6.464608354266787
1335,sc1,1,6.464608354266787
1336,sc1,1,6.464608354266787
1337,sc1,1,6.464608354266787
1338,sc1,1,6.464608354266787
1339,sc1,1,1.2929214321920823
1340,sc1,1,1.9393822550816744
1341,sc1,1,149.99999894024145
1342,sc1,1,167.9999987897962
1343,sc1,1,149.99999893923683
1344,sc1,1,1.9393822550816744
1345,sc1,1,131.9999989668956
1346,sc1,1,1.4222136172271784
1347,sc1,1,1.4222136162568746
1348,sc1,1,3.8787648904179113
1349,sc1,1,1.2929214316264794
1350,sc1,1,1.7999980644032239
1351,sc1,1,0.49999822916639075
1352,sc1,1,1.551505800135682
1353,sc1,1,1.9393823030751591
1354,sc1,1,1.2929214402986682
1355,sc1,1,25.85843435391299
1356,sc1,1,25.85843434292701
1357,sc1,1,1.4222136036969448
1358,sc1,1,0.6464605773604751
1359,sc1,1,0.6464605773604751
1360,sc1,1,0.6464605773604751
1361,sc1,1,0.6464605773604751
1362,sc1,1,0.6464605773604751
1363,sc1,1,0.6464605773604751
1364,sc1,1,0.6464605773604751
1365,sc1,1,0.6464605773604751
1366,sc1,1,0.6464605773604751
1367,sc1,1,0.6464605773604751
1368,sc1,1,78.62332204707876
1369,sc1,1,13.567705405290592
1370,sc1,1,78.62332204707107
1371,sc1,1,13.567705405455449
1372,sc1,1,1.9393823025714858
1373,sc1,1,142.9999927764126
1374,sc1,1,7.137061604796669e-7
1375,sc1,1,2.5858431574310083
1376,sc1,1,8.145406567221869
1377,sc1,1,101.9999991766766
1378,sc1,1,4.525225752098652
1379,sc1,1,9.934378681925264e-7
1380,sc1,1,63.42580650161283
1381,sc1,1,44.445849053179266
1382,sc1,1,0.6464605462167754
1383,sc1,1,0.7757527170027785
1384,sc1,1,52.1047454798645
1385,sc1,1,39.046235944468236
1386,sc1,1,26.117018608871337
1387,sc1,1,52.1047454798645
1388,sc1,1,52.1047454798645
1389,sc1,1,39.046235944468236
1390,sc1,1,32.58162727658296
1391,sc1,1,32.58162727658296
1392,sc1,1,26.117018608871337
1393,sc1,1,24.436220417310743
1394,sc1,1,29.349322992698585
1395,sc1,1,25.858434352893795
1396,sc1,1,64.64608636123428
1397,sc1,1,1.4500972971475308e-7
1398,sc1,1,1.4500972971473587e-7
1399,sc1,1,1.450097297147385e-7
1400,sc1,1,1.4500972971473587e-7
1401,sc1,1,1.5077444442218242e-7
1402,sc1,1,32.32304302067226
1403,sc1,1,1.0284559904084683e-6
1404,sc1,1,1.0284559904084674e-6
1405,sc1,1,3.2323040362388897
1406,sc1,1,5.199998543657316
1407,sc1,1,5.199998543657316
1408,sc1,1,6.699998852978602
1409,sc1,1,2.5858431192972375
1410,sc1,1,1.2929214355555922
1411,sc1,1,1.2929214355555922
1412,sc1,1,1.2929214355555922
1413,sc1,1,9.854150382157645
1414,sc1,1,1.9999971160550845
1415,sc1,1,0.6464605720758898
1416,sc1,1,0.6464605720758898
1417,sc1,1,4.499998424334717
1418,sc1,1,1.5999996920686543
1419,sc1,1,1.5999996920686543
1420,sc1,1,0.9999996952070912
1421,sc1,1,0.9999996947399445
1422,sc1,1,0.9999996957614682
1423,sc1,1,1.5999996902729625
1424,sc1,1,1.5999996902729625
1425,sc1,1,1.899999686995109
1426,sc1,1,1.9393822928559101
1427,sc1,1,3.878764885929227
1428,sc1,1,32.5196268397087
1429,sc1,1,1.1966167582024496e-7
1430,sc1,1,1.1966167582024695e-7
1431,sc1,1,1.196616758202492e-7
1432,sc1,1,1.196616758202487e-7
1433,sc1,1,1.1966167582024758e-7
1434,sc1,1,1.0724547199958006e-6
1435,sc1,1,1.0724547199957777e-6
1436,sc1,1,1.0724547199959173e-6
1437,sc1,1,1.072454719995943e-6
1438,sc1,1,1.0724547199956011e-6
1439,sc1,1,25.858434350445282
1440,sc1,1,25.858434314263857
1441,sc1,1,0.2999986922747857
1442,sc1,1,0.2999986922747857
1443,sc1,1,0.2999986922747857
1444,sc1,1,4.599998859857615
1445,sc1,1,0.38787625397720765
1446,sc1,1,0.38787625397720765
1447,sc1,1,2.585843186600658
1448,sc1,1,0.38787625397720765
1449,sc1,1,1.2929214567088327
1450,sc1,1,1.6807979506570936
1451,sc1,1,8.232473450522578e-6
1452,sc1,1,4.79999704038568
1453,sc1,1,4.79999704038568
1454,sc1,1,3.7999971064300504
1455,sc1,1,25.858434358724033
1456,sc1,1,3.2323040243882186
1457,sc1,1,12.929217016266081
1458,sc1,1,3.9999949749215373
1459,sc1,1,3.2323040243882186
1460,sc1,1,1.4999995098982997
1461,sc1,1,1.4999995098982997
1462,sc1,1,1.4999995098982997
1463,sc1,1,1.9393823005012705
1464,sc1,1,1.2929214388161654
1465,sc1,1,5.999999656405913
1466,sc1,1,1.2929214391095911
1467,sc1,1,2.4565510023845416
1468,sc1,1,4.525225771598944
1469,sc1,1,3.999991398769027
1470,sc1,1,3.999991398769027
1471,sc1,1,2.0686744798144336
1472,sc1,1,7.352591004380224e-7
1473,sc1,1,7.352591004375185e-7
1474,sc1,1,7.352591004376176e-7
1475,sc1,1,4.5999983092508785
1476,sc1,1,4.5999983092508785
1477,sc1,1,1.939382288313119
1478,sc1,1,1.939382288313119
1479,sc1,1,7.785733790064384e-7
1480,sc1,1,7.816544732170381e-7
1481,sc1,1,4.7603846087328953e-7
1482,sc1,1,6.934955490876035e-7
1483,sc1,1,8.702705697010773e-7
1484,sc1,1,6.933552438349459e-7
1485,sc1,1,8.026193356873033e-7
1486,sc1,1,6.931182925066752e-7
1487,sc1,1,1.939382293066237
1488,sc1,1,1.939382293066237
1489,sc1,1,0.9050449151900347
1490,sc1,1,1.2929214426693978
1491,sc1,1,1.2929214426693978
1492,sc1,1,1.9393823052049421
1493,sc1,1,1.9393823047593741
1494,sc1,1,0.646460584358937
1495,sc1,1,1.9393823047593741
1496,sc1,1,1.9393823056297206
1497,sc1,1,1.9393823056297206
1498,sc1,1,1.2929214429946922
1499,sc1,1,1.292921444225289
1500,sc1,1,1.292921444225289
1501,sc1,1,1.9393823073399452
1502,sc1,1,1.2852576668888212e-7
1503,sc1,1,1.9393822943794166
1504,sc1,1,1.9393822943794166
1505,sc1,1,26.117018651606877
1506,sc1,1,1.292921431905224
1507,sc1,1,3.2323040262366587
1508,sc1,1,25.858434352893795
1509,sc1,1,25.858434352902538
1510,sc1,1,1.9393822925712885
1511,sc1,1,1.157894717857753e-7
1512,sc1,1,50.42394733082381
1513,sc1,1,69.81777333522047
1514,sc1,1,69.81777333522047
1515,sc1,1,75.63592110656315
1516,sc1,1,42.66641686912532
1517,sc1,1,19.39382568478432
1518,sc1,1,83.39345146836379
1519,sc1,1,25.211973455657166
1520,sc1,1,77.5753036970123
1521,sc1,1,71.75715592566716
1522,sc1,1,62.060242873444096
1523,sc1,1,56.24209510212572
1524,sc1,1,67.87839074477473
1525,sc1,1,137.9999989373741
1526,sc1,1,89.99999922320683
1527,sc1,1,1.284628412898557e-7
1528,sc1,1,6.46460835866566
1529,sc1,1,6.46460835866566
1530,sc1,1,1.3265138370948618e-7
1531,sc1,1,1.326513837094524e-7
1532,sc1,1,1.32651383709501e-7
1533,sc1,1,1.3265138370944955e-7
1534,sc1,1,1.3265138370945103e-7
1535,sc1,1,44.217922985118435
1536,sc1,1,34.39171783365936
1537,sc1,1,44.217922985118435
1538,sc1,1,44.217922985118435
1539,sc1,1,24.565512682382597
1540,sc1,1,34.39171783365936
1541,sc1,1,4.399999497595844
1542,sc1,1,4.399999497595844
1543,sc1,1,4.399999497595844
1544,sc1,1,1.292711605082977e-7
1545,sc1,1,1.2927116050841098e-7
1546,sc1,1,1.296225954469593e-7
1547,sc1,1,1.2962259544689152e-7
1548,sc1,1,7.287400555541655e-7
1549,sc1,1,7.287400555600779e-7
1550,sc1,1,7.287400555578692e-7
1551,sc1,1,7.287400555600455e-7
1552,sc1,1,7.287400555589598e-7
1553,sc1,1,7.287400555594957e-7
1554,sc1,1,1.2929213940806539
1555,sc1,1,1.2929213940806539
1556,sc1,1,1.939382255753133
1557,sc1,1,1.939382255753133
1558,sc1,1,1.939382255753133
1559,sc1,1,1.2929213940806539
1560,sc1,1,1.29292143987607
1561,sc1,1,1.9393822581722944
1562,sc1,1,1.9393822581722944
1563,sc1,1,1.2929213953905054
1564,sc1,1,1.939382255753133
1565,sc1,1,1.939382255753133
1566,sc1,1,1.9393822572619512
1567,sc1,1,1.939382255636956
1568,sc1,1,0.6464605361260705
1569,sc1,1,54.17342030575754
1570,sc1,1,27.15135603980951
1571,sc1,1,51.19970032044508
1572,sc1,1,40.59774207289705
1573,sc1,1,40.59774207289705
1574,sc1,1,34.77959430177236
1575,sc1,1,54.17342030575754
1576,sc1,1,47.19164294025594
1577,sc1,1,190.5766627649116
1578,sc1,1,3.8389633069113237e-7
1579,sc1,1,25.858434304216143
1580,sc1,1,25.858434304216143
1581,sc1,1,6.4646082918567584
1582,sc1,1,12.9292169563345
1583,sc1,1,5.171686613397591
1584,sc1,1,1.9393822922127517
1585,sc1,1,1.9393822723714393
1586,sc1,1,1.2929214301320695
1587,sc1,1,5.171686613397591
1588,sc1,1,2.9737196764194067
1589,sc1,1,1.292921431898436
1590,sc1,1,1.2929214308320363
1591,sc1,1,9.62300827744145e-7
1592,sc1,1,1.292921420038294
1593,sc1,1,5.171686621463209
1594,sc1,1,50.55323938752823
1595,sc1,1,50.55323938752823
1596,sc1,1,34.262425568220266
1597,sc1,1,17.971611750064977
1598,sc1,1,29.349322992698585
1599,sc1,1,37.49472995216461
1600,sc1,1,37.49472995216461
1601,sc1,1,32.58162727658296
1602,sc1,1,32.58162727658296
1603,sc1,1,7.369653554989929
1604,sc1,1,1.9393822917708645
1605,sc1,1,1.2929214369076691
1606,sc1,1,1.9393823024602959
1607,sc1,1,0.49999178860566723
1608,sc1,1,1.9999985306437347
1609,sc1,1,2.1979666404217606
1610,sc1,1,23.919051763537844
1611,sc1,1,0.49999949198349725
1612,sc1,1,0.49999949198349736
1613,sc1,1,0.49999949198349725
1614,sc1,1,1.9393823004908979
1615,sc1,1,1.939382304243824
1616,sc1,1,1.939382304243824
1617,sc1,1,1.939382304243824
1618,sc1,1,23.2725908639506
1619,sc1,1,0.4999994914232903
1620,sc1,1,0.4999994914232903
1621,sc1,1,25.858434346076198
1622,sc1,1,7.067720892513936e-7
1623,sc1,1,1.999987422797699
1624,sc1,1,1.2929214321199167
1625,sc1,1,0.6464605725923523
1626,sc1,1,25.858434352308592
1627,sc1,1,12.929217017554892
1628,sc1,1,1.2929214303944028
1629,sc1,1,1.2929213940806539
1630,sc1,1,1.2929214362391739
1631,sc1,1,1.9393823034069828
1632,sc1,1,1.9393823034069828
1633,sc1,1,1.2929214379336456
1634,sc1,1,1.9393823002454698
1635,sc1,1,0.6464605800340163
1636,sc1,1,8.676827106109157e-7
1637,sc1,1,8.676827106102103e-7
1638,sc1,1,15.515060424228588
1639,sc1,1,25.858434271829633
1640,sc1,1,79.64397847776239
1641,sc1,1,15.515060455028424
1642,sc1,1,10.343373481577853
1643,sc1,1,1.2929214303410481
1644,sc1,1,6.464608314647717
1645,sc1,1,1.9393822572619512
1646,sc1,1,1.9393822572619512
1647,sc1,1,1.9393822572619512
1648,sc1,1,1.9393822572619512
1649,sc1,1,1.9393822572619512
1650,sc1,1,1.2929213953639276
1651,sc1,1,1.9393822572619512
1652,sc1,1,2.5858431210141264
1653,sc1,1,1.9393822572619512
1654,sc1,1,1.9393822572619512
1655,sc1,1,2.5858431646293147
1656,sc1,1,2.5858431646293147
1657,sc1,1,1.939382300517975
1658,sc1,1,1.939382291974252
1659,sc1,1,1.9393822919742518
1660,sc1,1,1.5515057788402575
1661,sc1,1,3.232304024196412
1662,sc1,1,6.464608354411968
1663,sc1,1,2.585843164798136
1664,sc1,1,6.464608360755832
1665,sc1,1,2.3272588310407314
1666,sc1,1,1.9393823139696493
1667,sc1,1,1.6807979476234984
1668,sc1,1,1.2929214326119773
1669,sc1,1,9.637477546955004e-7
1670,sc1,1,9.637477546955064e-7
1671,sc1,1,9.637477546954704e-7
1672,sc1,1,9.637477546955292e-7
1673,sc1,1,1.2929214454673261
1674,sc1,1,25.599850065294504
1675,sc1,1,131.8780160277807
1676,sc1,1,9.836879462913248e-7
1677,sc1,1,58.18147763046944
1678,sc1,1,24.56551265299373
1679,sc1,1,25.858434350445282
1680,sc1,1,25.858434343844205
1681,sc1,1,19.393825623145744
1682,sc1,1,43.52966605513871
1683,sc1,1,43.52966605494709
1684,sc1,1,43.52966605494065
1685,sc1,1,43.52966605494717
1686,sc1,1,43.52966605494158
1687,sc1,1,1.2929214302070542
1688,sc1,1,15.51506050471677
1689,sc1,1,25.85843434294586
1690,sc1,1,1.9393822543151509
1691,sc1,1,1.292921392665324
1692,sc1,1,1.292921392665324
1693,sc1,1,1.292921392665324
1694,sc1,1,1.292921392665324
1695,sc1,1,1.4222136027039785
1696,sc1,1,1.6807979455431585
1697,sc1,1,1.4222135493325183
1698,sc1,1,1.4222136036954272
1699,sc1,1,1.4222136174713504
1700,sc1,1,1.4222136156339633
1701,sc1,1,1.9393822543151509
1702,sc1,1,1.9393822549381219
1703,sc1,1,1.9393822972103476
1704,sc1,1,25.858434352902538
1705,sc1,1,1.9393823056297206
1706,sc1,1,1.9393823056297206
1707,sc1,1,1.9393823056297206
1708,sc1,1,1.9393823073399452
1709,sc1,1,1.9393823073399452
1710,sc1,1,19.79999952108963
1711,sc1,1,98.99999912776485
1712,sc1,1,25.858434257535578
1713,sc1,1,25.858431982691403
1714,sc1,1,1.9999891920307304
1715,sc1,1,3.99997361422993
1716,sc1,1,8.303203337775874e-7
1717,sc1,1,6.464608313710544
1718,sc1,1,1.9393822929135824
1719,sc1,1,1.9393822929135824
1720,sc1,1,1.9393822988818459
1721,sc1,1,1.9393822988818459
1722,sc1,1,1.9393822988818459
1723,sc1,1,1.9393822988818459
1724,sc1,1,12.929216979385119
1725,sc1,1,6.968467116974237e-7
1726,sc1,1,6.941928772881138e-7
1727,sc1,1,1.2929214337337238
1728,sc1,1,1.3110684404154305e-7
1729,sc1,1,1.3110684404177522e-7
1730,sc1,1,1.939382297446996
1731,sc1,1,1.939382297446996
1732,sc1,1,25.85843425680368
1733,sc1,1,1.9393822975761232
1734,sc1,1,0.9999913722146772
1735,sc1,1,0.9999996949782092
1736,sc1,1,0.999999695537617
1737,sc1,1,1.5999996863437118
1738,sc1,1,23.272590865337545
1739,sc1,1,139.63554698053622
1740,sc1,1,1.9393822981570785
1741,sc1,1,1.2929214361272476
1742,sc1,1,1.29292144284439
1743,sc1,1,1.6807979555412629
1744,sc1,1,25.858434354180243
1745,sc1,1,1.292921436920877
1746,sc1,1,1.939382300016826
1747,sc1,1,1.939382300016826
1748,sc1,1,25.85843433906968
1749,sc1,1,25.599850054188515
1750,sc1,1,25.85843435312067
1751,sc1,1,2.7151353665571283
1752,sc1,1,1.9393822981570785
1753,sc1,1,1.9393822981570785
1754,sc1,1,1.9393822981570785
1755,sc1,1,1.3999975738863253
1756,sc1,1,0.09999720720575744
1757,sc1,1,25.858434352308592
1758,sc1,1,9.050451823519722
1759,sc1,1,25.85843435822356
1760,sc1,1,25.858434352308592
1761,sc1,1,4.59999878582283
1762,sc1,1,4.59999878582283
1763,sc1,1,4.59999878582283
1764,sc1,1,4.599998765914104
1765,sc1,1,1.3688631071630893e-7
1766,sc1,1,1.3688631071645984e-7
1767,sc1,1,1.3688631071623678e-7
1768,sc1,1,1.3688631071629334e-7
1769,sc1,1,1.3688631071627328e-7
1770,sc1,1,1.3688631071634133e-7
1771,sc1,1,1.3688631071633398e-7
1772,sc1,1,25.85843435920017
1773,sc1,1,18.618072690271205
1774,sc1,1,77.57530367481144
1775,sc1,1,25.858434271829633
1776,sc1,1,258.5843464043031
1777,sc1,1,25.858434311572566
1778,sc1,1,1.9393823004908979
1779,sc1,1,1.9393823004908979
1780,sc1,1,1.939382304801488
1781,sc1,1,2.3272588184573095
1782,sc1,1,1.9393823068383766
1783,sc1,1,2.585843160400199
1784,sc1,1,25.85843434999031
1785,sc1,1,1.3236901964513542e-7
1786,sc1,1,3.23230402677741
1787,sc1,1,1.292921436272378
1788,sc1,1,18.10090400289705
1789,sc1,1,25.858434364005397
1790,sc1,1,25.858434338496924
1791,sc1,1,25.858434370127707
1792,sc1,1,25.858434346640728
1793,sc1,1,25.858434270961958
1794,sc1,1,2.0686744773683317
1795,sc1,1,4.719286932346055
1796,sc1,1,1.9393822956307643
1797,sc1,1,1.2929214323916929
1798,sc1,1,25.85843433862146
1799,sc1,1,38.78765167453372
1800,sc1,1,2.5858431192972375
1801,sc1,1,6.464608344167593
1802,sc1,1,3.8787648482444035
1803,sc1,1,25.85843435232404
1804,sc1,1,2.585843151672908
1805,sc1,1,1.5515057722973105
1806,sc1,1,1.6807979655999021
1807,sc1,1,7.262033060228558e-7
1808,sc1,1,6.933069893398289e-7
1809,sc1,1,6.962362479458208e-7
1810,sc1,1,7.369484292474512e-7
1811,sc1,1,6.933683849210263e-7
1812,sc1,1,25.85843435243518
1813,sc1,1,16.807982203310385
1814,sc1,1,1.0444252973542492e-6
1815,sc1,1,25.85843435232404
1816,sc1,1,195.36047371750587
1817,sc1,1,25.858434352902538
1818,sc1,1,25.85843434374376
1819,sc1,1,1.2929214366594934
1820,sc1,1,1.939382256116372
1821,sc1,1,1.8100901162392484
1822,sc1,1,1.2871463015429743e-7
1823,sc1,1,1.2871463015429905e-7
1824,sc1,1,1.2871463015429918e-7
1825,sc1,1,1.287146301542983e-7
1826,sc1,1,1.2871463015429857e-7
1827,sc1,1,25.858434314263857
1828,sc1,1,25.858434314263857
1829,sc1,1,25.858434314263857
1830,sc1,1,51.716868986218934
1831,sc1,1,129.29217304248618
1832,sc1,1,96.96912970153595
1833,sc1,1,1.939382295166137
1834,sc1,1,24.824096956472697
1835,sc1,1,19.393825603561407
1836,sc1,1,3.87876484953679
1837,sc1,1,1.2929214387085874
1838,sc1,1,167.710089365203
1839,sc1,1,193.56826187062615
1840,sc1,1,9.438328340134307
1841,sc1,1,25.858434352076586
1842,sc1,1,51.71686900413896
1843,sc1,1,85.8999992554579
1844,sc1,1,2.715135349146937
1845,sc1,1,0.7757527631953455
1846,sc1,1,0.6464605918592548
1847,sc1,1,20.42816306713427
1848,sc1,1,25.858434364005397
1849,sc1,1,25.858434364005397
1850,sc1,1,19.3938256963741
1851,sc1,1,25.858434364005397
1852,sc1,1,4.7838100619539
1853,sc1,1,3.878764849576121
1854,sc1,1,25.85843435243518
1855,sc1,1,42.92500126136834
1856,sc1,1,43.8300464568876
1857,sc1,1,41.37349516905301
1858,sc1,1,41.50278736841245
1859,sc1,1,50.03607072619475
1860,sc1,1,46.933058641534736
1861,sc1,1,44.99367605112859
1862,sc1,1,1.925734320557215e-6
1863,sc1,1,1.9393822927890239
1864,sc1,1,1.6807979661506829
1865,sc1,1,1.5515057973376494
1866,sc1,1,1.292921449979096
1867,sc1,1,2.585843162985973
1868,sc1,1,2.5858431792455194
1869,sc1,1,109.89834713780915
1870,sc1,1,64.64608636058615
1871,sc1,1,6.46460835239847
1872,sc1,1,4.266641405116062
1873,sc1,1,9.484743636546212e-7
1874,sc1,1,9.484743636536073e-7
1875,sc1,1,6.937451238433788e-7
1876,sc1,1,6.924511781174247e-7
1877,sc1,1,1.9999966289785402
1878,sc1,1,5.818147503261792
1879,sc1,1,239.3198121501707
1880,sc1,1,38.7876516787474
1881,sc1,1,12.929217004622505
1882,sc1,1,2.5858431688728487
1883,sc1,1,1.292921440614515
1884,sc1,1,1.9393822785629324
1885,sc1,1,25.858434352308592
1886,sc1,1,25.858434314263857
1887,sc1,1,3.8787648509692025
1888,sc1,1,25.858434314263857
1889,sc1,1,14.73930737028771
1890,sc1,1,25.85843434294586
1891,sc1,1,139.5062549922377
1892,sc1,1,64.64608635109622
1893,sc1,1,7.067720892513662e-7
1894,sc1,1,26.11701829993964
1895,sc1,1,5.1716866310265655
1896,sc1,1,2.8444275077889323
1897,sc1,1,1.4222135999718675
1898,sc1,1,25.858434352308592
1899,sc1,1,25.858434352308592
1900,sc1,1,25.858434352308592
1901,sc1,1,1.4999950661008483
1902,sc1,1,116.36295609203265
1903,sc1,1,3.878764889783263
1904,sc1,1,3.8787648974330944
1905,sc1,1,25.858434346286884
1906,sc1,1,6.1400496945676465e-6
1907,sc1,1,5.874911078580647e-6
1908,sc1,1,0.49999624671167825
1909,sc1,1,0.9999960580057798
1910,sc1,1,0.999996953065736
1911,sc1,1,7.499995687907778
1912,sc1,1,13.445563456468735
1913,sc1,1,1.3568748663287587e-7
1914,sc1,1,69.81777333522047
1915,sc1,1,69.81777333522047
1916,sc1,1,131.0999990307279
1917,sc1,1,9.577978670049575
1918,sc1,1,9.577978670095135
1919,sc1,1,25.59985004418189
1920,sc1,1,1.9393822867349384
1921,sc1,1,3.878764875768536
1922,sc1,1,2.5858431454743127
1923,sc1,1,1.9999963969103505
1924,sc1,1,3.8787648985095347
1925,sc1,1,1.2929214281152352
1926,sc1,1,96.71054539523213
1927,sc1,1,4.913102270960273
1928,sc1,1,2.9737196737880125
1929,sc1,1,1.422213605763962
1930,sc1,1,3.4908883715582695
1931,sc1,1,12.282756123377776
1932,sc1,1,3.8787649085159486
1933,sc1,1,9.981720783001787e-7
1934,sc1,1,1.2206176352649777e-6
1935,sc1,1,1.2206176352600448e-6
1936,sc1,1,1.2206176352957925e-6
1937,sc1,1,1.9999959359389907
1938,sc1,1,25.858434346674258
1939,sc1,1,1.2929214567088327
1940,sc1,1,2.4565510174448075
1941,sc1,1,25.858434346674258
1942,sc1,1,2.4565510109923627
1943,sc1,1,5.5595631457940975
1944,sc1,1,9.050451833814776
1945,sc1,1,13.57567791472317
1946,sc1,1,4.799998376170238
1947,sc1,1,1.8999996471895704
1948,sc1,1,1.9999972270662902
1949,sc1,1,1.2929214319935447
1950,sc1,1,1.2929214433157665
1951,sc1,1,6.8524848666071385
1952,sc1,1,1.292921422818852
1953,sc1,1,6.723192709284868
1954,sc1,1,6.98543141377279e-7
1955,sc1,1,1.0682917401264206e-6
1956,sc1,1,4.525225757637347
1957,sc1,1,3.87876484953679
1958,sc1,1,3.878764849576121
1959,sc1,1,45.99999944778935
1960,sc1,1,3.7494727393548155
1961,sc1,1,13.834262277660798
1962,sc1,1,135.7567819724237
1963,sc1,1,25.858434314263857
1964,sc1,1,1.4222136187495187
1965,sc1,1,3.8787648489550115
1966,sc1,1,2.9737196946918054
1967,sc1,1,2.8444275256465974
1968,sc1,1,3.878764877449352
1969,sc1,1,2.5858431192972375
1970,sc1,1,3.8787648861162674
1971,sc1,1,1.9393822929357434
1972,sc1,1,1.7999996848527753
1973,sc1,1,1.7999996854861078
1974,sc1,1,1.7999996848527753
1975,sc1,1,25.858434001227703
1976,sc1,1,29.090738671031964
1977,sc1,1,9.936870457200149e-7
1978,sc1,1,8.676827106098718e-7
1979,sc1,1,8.676827106111918e-7
1980,sc1,1,128.69999898158665
1981,sc1,1,43.19999940291542
1982,sc1,1,21.59999951041661
1983,sc1,1,2.3272588297397787
1984,sc1,1,3.7494727393548155
1985,sc1,1,5.818147408436304
1986,sc1,1,6.4646083516079145
1987,sc1,1,1.9393822954688194
1988,sc1,1,1.4222136165707522
1989,sc1,1,13.074684517211553
1990,sc1,1,1.2929214189309224
1991,sc1,1,1.2929214189309224
1992,sc1,1,1.6807979484696716
1993,sc1,1,1.93938230549993
1994,sc1,1,0.999996149255342
1995,sc1,1,0.9999966745906094
1996,sc1,1,4.499995399088367
1997,sc1,1,2.4999962969355267
1998,sc1,1,3.2999959856051975
1999,sc1,1,137.95474897579624
2000,sc1,1,3.2999993923621367
2001,sc1,1,3.2999993923621367
2002,sc1,1,1.2929214306408312
2003,sc1,1,1.292921432130224
2004,sc1,1,3.878764896521986
2005,sc1,1,1.2929214388701105
2006,sc1,1,1.2929214536726519
2007,sc1,1,1.1672921383688268e-6
2008,sc1,1,1.2929214307194954
2009,sc1,1,1.2929214307194956
2010,sc1,1,0.7757527437100072
2011,sc1,1,0.3878762326374107
2012,sc1,1,5.559563143832736
2013,sc1,1,0.4999915760160256
2014,sc1,1,1.8100901240547853
2015,sc1,1,129.29217300422732
2016,sc1,1,5.171686624615394
2017,sc1,1,4.395933587344376
2018,sc1,1,5.818147501042186
2019,sc1,1,38.787651683087944
2020,sc1,1,3.8787648480298826
2021,sc1,1,1.9393822939027567
2022,sc1,1,5.171686630318227
2023,sc1,1,4.799997804177644
2024,sc1,1,4.799997804177644
2025,sc1,1,1.6807979694055402
2026,sc1,1,2.9737196759096363
2027,sc1,1,1.9393822962088454
2028,sc1,1,1.8100901274022545
2029,sc1,1,2.4565510059347413
2030,sc1,1,1.5515057980526366
2031,sc1,1,143.77289597124886
2032,sc1,1,2.0686744780462436
2033,sc1,1,9.981720783014797e-7
2034,sc1,1,9.9817207829124e-7
2035,sc1,1,7.595233925599576e-7
2036,sc1,1,7.171652803961216e-7
2037,sc1,1,7.771949422994738e-7
2038,sc1,1,7.930519993568652e-7
2039,sc1,1,7.753435199182317e-7
2040,sc1,1,6.911696907907114e-7
2041,sc1,1,6.91612089346612e-7
2042,sc1,1,6.91612089346617e-7
2043,sc1,1,6.91612089346628e-7
2044,sc1,1,6.916120893466838e-7
2045,sc1,1,2.5858431574844465
2046,sc1,1,1.5515058033505065
2047,sc1,1,8.145406602759662
2048,sc1,1,9.826204859309835
2049,sc1,1,7.15417022369182e-7
2050,sc1,1,7.295488999436025e-7
2051,sc1,1,1.2929214307040489
2052,sc1,1,1.2929214307040489
2053,sc1,1,1.2929214307040489
2054,sc1,1,4.00805705632466
2055,sc1,1,2.1979666456767326
2056,sc1,1,7.207008546766156e-7
2057,sc1,1,7.238952128702891e-7
2058,sc1,1,8.584622777117548e-7
2059,sc1,1,7.023269478251104e-7
2060,sc1,1,6.920524347502353e-7
2061,sc1,1,7.236499231552858e-7
2062,sc1,1,7.203632072031946e-7
2063,sc1,1,7.229241395531595e-7
2064,sc1,1,7.17459544697117e-7
2065,sc1,1,7.123837820316063e-7
2066,sc1,1,7.168839201894649e-7
2067,sc1,1,6.93485259581851e-7
2068,sc1,1,7.03397127934138e-7
2069,sc1,1,1.68079794738622
2070,sc1,1,1.810090152415734
2071,sc1,1,3.878764883003325
2072,sc1,1,3.878764872109918
2073,sc1,1,2.5858431580293946
2074,sc1,1,33.49997753375245
2075,sc1,1,1.551505797638018
2076,sc1,1,1.2929214301967549
2077,sc1,1,1.2929214315947568
2078,sc1,1,1.5515057400865795
2079,sc1,1,4.525225765521335
2080,sc1,1,0.999997142963906
2081,sc1,1,8.090568477442424e-7
2082,sc1,1,0.6464605834224655
2083,sc1,1,0.6464605834224655
2084,sc1,1,2.1979666420238995
2085,sc1,1,3.2323040275409993
2086,sc1,1,2.456550985911888
2087,sc1,1,9.316674242066829e-7
2088,sc1,1,6.908941783502538e-7
2089,sc1,1,7.130153198133567e-7
2090,sc1,1,7.753435199177387e-7
2091,sc1,1,6.964972386225612e-7
2092,sc1,1,1.4999965130256532
2093,sc1,1,1.1999962863960383
2094,sc1,1,2.499996080836089
2095,sc1,1,0.9999967173187575
2096,sc1,1,1.999996493379987
2097,sc1,1,0.9999963285310736
2098,sc1,1,4.899994747723679
2099,sc1,1,1.2999966386511648
2100,sc1,1,1.4222136012394342
2101,sc1,1,7.228454689199812e-7
2102,sc1,1,5.171686633210768
2103,sc1,1,1.1636292971084246
2104,sc1,1,6.977512211536592e-7
2105,sc1,1,6.916120893464675e-7
2106,sc1,1,6.878649086043932e-7
2107,sc1,1,6.59419462924196e-7
2108,sc1,1,6.964972386227113e-7
2109,sc1,1,6.964972386226569e-7
2110,sc1,1,7.131223824239353e-7
2111,sc1,1,6.999736818667949e-7
2112,sc1,1,7.090839288731576e-7
2113,sc1,1,7.154809087765572e-7
2114,sc1,1,7.154809087751306e-7
2115,sc1,1,6.933683849112846e-7
2116,sc1,1,7.1642653954778e-7
2117,sc1,1,8.347903878512569e-7
2118,sc1,1,7.057847704613808e-7
2119,sc1,1,8.840112101331433e-7
2120,sc1,1,6.898786947025408e-7
2121,sc1,1,7.052796758886363e-7
2122,sc1,1,6.662956699016064e-7
2123,sc1,1,1.939382292703608
2124,sc1,1,7.676569178780869e-7
2125,sc1,1,5.838206462078387e-7
2126,sc1,1,4.34799018740476e-7
2127,sc1,1,4.460365123725569e-7
2128,sc1,1,4.4263166271245014e-7
2129,sc1,1,4.5608731981951276e-7
2130,sc1,1,5.422196612205393e-7
2131,sc1,1,5.287562033074313e-7
2132,sc1,1,4.7308059444755435e-7
2133,sc1,1,5.800935494144744e-7
2134,sc1,1,6.389027785615666e-7
2135,sc1,1,6.407397359666471e-7
2136,sc1,1,8.780522755710444e-7
2137,sc1,1,5.894989974257626e-7
2138,sc1,1,7.345129312113342e-7
2139,sc1,1,4.2640565537501175e-7
2140,sc1,1,6.777436071272568e-7
2141,sc1,1,6.820322495152572e-7
2142,sc1,1,5.193793366660332e-7
2143,sc1,1,1.0617193567978136e-6
2144,sc1,1,5.891051038082638e-7
2145,sc1,1,4.1807424038908656e-7
2146,sc1,1,4.183033070210562e-7
2147,sc1,1,6.074047221799495e-7
2148,sc1,1,4.1540765691988763e-7
2149,sc1,1,4.185713580851256e-7
2150,sc1,1,0.0
2151,sc1,1,0.0
2152,sc1,1,0.0
2153,sc1,1,0.0
2154,sc1,1,0.0
2155,sc1,1,0.0
2156,sc1,1,0.0
2157,sc1,1,0.0
2158,sc1,1,0.0
2159,sc1,1,0.0
2160,sc1,1,0.0
2161,sc1,1,0.0
2162,sc1,1,0.0
2163,sc1,1,0.0
2164,sc1,1,0.0
2165,sc1,1,0.0
2166,sc1,1,0.0
2167,sc1,1,0.0
2168,sc1,1,0.0
2169,sc1,1,0.0
2170,sc1,1,0.0
2171,sc1,1,0.0
2172,sc1,1,0.0
2173,sc1,1,0.0
2174,sc1,1,0.0
2175,sc1,1,0.0
2176,sc1,1,0.0
2177,sc1,1,0.0
2178,sc1,1,0.0
2179,sc1,1,0.0
2180,sc1,1,0.0
2181,sc1,1,0.0
2182,sc1,1,0.0
2183,sc1,1,0.0
2184,sc1,1,0.0
2185,sc1,1,0.0
2186,sc1,1,0.0
2187,sc1,1,0.0
2188,sc1,1,0.0
2189,sc1,1,0.0
2190,sc1,1,0.0
2191,sc1,1,0.0
2192,sc1,1,0.0
2193,sc1,1,0.0
2194,sc1,1,0.0
2195,sc1,1,0.0
2196,sc1,1,0.0
2197,sc1,1,0.0
2198,sc1,1,0.0
2199,sc1,1,0.0
2200,sc1,1,0.0
2201,sc1,1,0.0
2202,sc1,1,0.0
2203,sc1,1,0.0
2204,sc1,1,0.0
2205,sc1,1,0.0
2206,sc1,1,0.0
2207,sc1,1,0.0
2208,sc1,1,0.0
2209,sc1,1,0.0
2210,sc1,1,0.0
2211,sc1,1,0.0
2212,sc1,1,0.0
2213,sc1,1,0.0
2214,sc1,1,0.0
2215,sc1,1,0.0
2216,sc1,1,0.0
2217,sc1,1,0.0
2218,sc1,1,0.0
2219,sc1,1,0.0
2220,sc1,1,0.0
2221,sc1,1,0.0
2222,sc1,1,0.0
2223,sc1,1,0.0
2224,sc1,1,0.0
2225,sc1,1,0.0
2226,sc1,1,0.0
2227,sc1,1,0.0
2228,sc1,1,0.0
2229,sc1,1,0.0
2230,sc1,1,0.0
2231,sc1,1,0.0
2232,sc1,1,0.0
2233,sc1,1,0.0
2234,sc1,1,0.0
2235,sc1,1,0.0
2236,sc1,1,0.0
2237,sc1,1,0.0
2238,sc1,1,0.0
2239,sc1,1,0.0
2240,sc1,1,0.0
2241,sc1,1,0.0
2242,sc1,1,0.0
2243,sc1,1,0.0
2244,sc1,1,0.0
2245,sc1,1,0.0
2246,sc1,1,0.0
2247,sc1,1,0.0
2248,sc1,1,0.0
2249,sc1,1,0.0
2250,sc1,1,0.0
2251,sc1,1,0.0
2252,sc1,1,0.0
2253,sc1,1,0.0
2254,sc1,1,0.0
2255,sc1,1,0.0
2256,sc1,1,0.0
2257,sc1,1,0.0
2258,sc1,1,0.0
2259,sc1,1,0.0
2260,sc1,1,0.0
2261,sc1,1,0.0
2262,sc1,1,0.0
2263,sc1,1,0.0
2264,sc1,1,0.0
2265,sc1,1,0.0
2266,sc1,1,0.0
2267,sc1,1,0.0
2268,sc1,1,0.0
2269,sc1,1,0.0
2270,sc1,1,0.0
2271,sc1,1,0.0
2272,sc1,1,0.0
2273,sc1,1,0.0
2274,sc1,1,0.0
2275,sc1,1,0.0
2276,sc1,1,0.0
2277,sc1,1,0.0
2278,sc1,1,0.0
2279,sc1,1,0.0
2280,sc1,1,0.0
2281,sc1,1,0.0
2282,sc1,1,0.0
2283,sc1,1,0.0
2284,sc1,1,0.0
2285,sc1,1,0.0
2286,sc1,1,0.0
2287,sc1,1,0.0
2288,sc1,1,0.0
2289,sc1,1,0.0
2290,sc1,1,0.0
2291,sc1,1,0.0
2292,sc1,1,0.0
2293,sc1,1,0.0
2294,sc1,1,0.0
2295,sc1,1,0.0
2296,sc1,1,0.0
2297,sc1,1,0.0
2298,sc1,1,0.0
2299,sc1,1,0.0
2300,sc1,1,0.0
2301,sc1,1,0.0
2302,sc1,1,0.0
2303,sc1,1,0.0
2304,sc1,1,0.0
2305,sc1,1,0.0
2306,sc1,1,0.0
2307,sc1,1,0.0
2308,sc1,1,0.0
2309,sc1,1,0.0
2310,sc1,1,0.0
2311,sc1,1,0.0
2312,sc1,1,0.0
2313,sc1,1,0.0
2314,sc1,1,0.0
2315,sc1,1,0.0
2316,sc1,1,0.0
2317,sc1,1,0.0
2318,sc1,1,0.0
2319,sc1,1,0.0
2320,sc1,1,0.0
2321,sc1,1,0.0
2322,sc1,1,0.0
2323,sc1,1,0.0
2324,sc1,1,0.0
2325,sc1,1,0.0
2326,sc1,1,0.0
2327,sc1,1,0.0
2328,sc1,1,0.0
2329,sc1,1,0.0
2330,sc1,1,0.0
2331,sc1,1,0.0
2332,sc1,1,0.0
2333,sc1,1,0.0
2334,sc1,1,0.0
2335,sc1,1,0.0
2336,sc1,1,0.0
2337,sc1,1,0.0
2338,sc1,1,0.0
2339,sc1,1,0.0
2340,sc1,1,0.0
2341,sc1,1,0.0
2342,sc1,1,0.0
2343,sc1,1,0.0
2344,sc1,1,0.0
2345,sc1,1,0.0
2346,sc1,1,0.0
2347,sc1,1,0.0
2348,sc1,1,0.0
2349,sc1,1,0.0
2350,sc1,1,0.0
2351,sc1,1,0.0
2352,sc1,1,0.0
2353,sc1,1,0.0
2354,sc1,1,0.0
2355,sc1,1,0.0
2356,sc1,1,0.0
2357,sc1,1,0.0
2358,sc1,1,0.0
2359,sc1,1,0.0
2360,sc1,1,0.0
2361,sc1,1,0.0
2362,sc1,1,0.0
2363,sc1,1,0.0
2364,sc1,1,0.0
2365,sc1,1,0.0
2366,sc1,1,0.0
2367,sc1,1,0.0
2368,sc1,1,0.0
2369,sc1,1,0.0
2370,sc1,1,0.0
2371,sc1,1,0.0
2372,sc1,1,0.0
2373,sc1,1,0.0
2374,sc1,1,0.0
2375,sc1,1,0.0
2376,sc1,1,0.0
2377,sc1,1,0.0
2378,sc1,1,0.0
2379,sc1,1,0.0
2380,sc1,1,0.0
2381,sc1,1,0.0
2382,sc1,1,0.0
2383,sc1,1,0.0
2384,sc1,1,0.0
2385,sc1,1,0.0
2386,sc1,1,0.0
2387,sc1,1,0.0
2388,sc1,1,0.0
2389,sc1,1,0.0
2390,sc1,1,0.0
2391,sc1,1,0.0
2392,sc1,1,0.0
2393,sc1,1,0.0
2394,sc1,1,0.0
2395,sc1,1,0.0
2396,sc1,1,0.0
2397,sc1,1,0.0
2398,sc1,1,0.0
2399,sc1,1,0.0
2400,sc1,1,0.0
2401,sc1,1,0.0
2402,sc1,1,0.0
2403,sc1,1,0.0
2404,sc1,1,0.0
2405,sc1,1,0.0
2406,sc1,1,0.0
2407,sc1,1,0.0
2408,sc1,1,0.0
2409,sc1,1,0.0
2410,sc1,1,0.0
2411,sc1,1,0.0
2412,sc1,1,0.0
2413,sc1,1,0.0
2414,sc1,1,0.0
2415,sc1,1,0.0
2416,sc1,1,0.0
2417,sc1,1,0.0
2418,sc1,1,0.0
2419,sc1,1,0.0
2420,sc1,1,0.0
2421,sc1,1,0.0
2422,sc1,1,0.0
2423,sc1,1,0.0
2424,sc1,1,0.0
2425,sc1,1,0.0
2426,sc1,1,0.0
2427,sc1,1,0.0
2428,sc1,1,0.0
2429,sc1,1,0.0
2430,sc1,1,0.0
2431,sc1,1,0.0
2432,sc1,1,0.0
2433,sc1,1,0.0
2434,sc1,1,0.0
2435,sc1,1,0.0
2436,sc1,1,0.0
2437,sc1,1,0.0
2438,sc1,1,0.0
2439,sc1,1,0.0
2440,sc1,1,0.0
2441,sc1,1,0.0
2442,sc1,1,0.0
2443,sc1,1,0.0
2444,sc1,1,0.0
2445,sc1,1,0.0
2446,sc1,1,0.0
2447,sc1,1,0.0
2448,sc1,1,0.0
2449,sc1,1,0.0
2450,sc1,1,0.0
2451,sc1,1,0.0
2452,sc1,1,0.0
2453,sc1,1,0.0
2454,sc1,1,0.0
2455,sc1,1,0.0
2456,sc1,1,0.0
2457,sc1,1,0.0
2458,sc1,1,0.0
2459,sc1,1,0.0
2460,sc1,1,0.0
2461,sc1,1,0.0
2462,sc1,1,0.0
2463,sc1,1,0.0
2464,sc1,1,0.0
2465,sc1,1,0.0
2466,sc1,1,0.0
2467,sc1,1,0.0
2468,sc1,1,0.0
2469,sc1,1,0.0
2470,sc1,1,0.0
2471,sc1,1,0.0
2472,sc1,1,0.0
2473,sc1,1,0.0
2474,sc1,1,0.0
2475,sc1,1,0.0
2476,sc1,1,0.0
2477,sc1,1,0.0
2478,sc1,1,0.0
2479,sc1,1,0.0
2480,sc1,1,0.0
2481,sc1,1,0.0
2482,sc1,1,0.0
2483,sc1,1,0.0
2484,sc1,1,0.0
2485,sc1,1,0.0
2486,sc1,1,0.0
2487,sc1,1,0.0
2488,sc1,1,0.0
2489,sc1,1,0.0
2490,sc1,1,0.0
2491,sc1,1,0.0
2492,sc1,1,0.0
2493,sc1,1,0.0
2494,sc1,1,0.0
2495,sc1,1,0.0
2496,sc1,1,0.0
2497,sc1,1,0.0
2498,sc1,1,0.0
2499,sc1,1,0.0
2500,sc1,1,0.0
2501,sc1,1,0.0
2502,sc1,1,0.0
2503,sc1,1,0.0
2504,sc1,1,0.0
2505,sc1,1,0.0
2506,sc1,1,0.0
2507,sc1,1,0.0
2508,sc1,1,0.0
2509,sc1,1,0.0
2510,sc1,1,0.0
2511,sc1,1,0.0
2512,sc1,1,0.0
2513,sc1,1,0.0
2514,sc1,1,0.0
2515,sc1,1,0.0
2516,sc1,1,0.0
2517,sc1,1,0.0
2518,sc1,1,0.0
2519,sc1,1,0.0
2520,sc1,1,0.0
2521,sc1,1,0.0
2522,sc1,1,0.0
2523,sc1,1,0.0
2524,sc1,1,0.0
2525,sc1,1,0.0
2526,sc1,1,0.0
2527,sc1,1,0.0
2528,sc1,1,0.0
2529,sc1,1,0.0
2530,sc1,1,0.0
2531,sc1,1,0.0
2532,sc1,1,0.0
2533,sc1,1,0.0
2534,sc1,1,0.0
2535,sc1,1,0.0
2536,sc1,1,0.0
2537,sc1,1,0.0
2538,sc1,1,0.0
2539,sc1,1,0.0
2540,sc1,1,0.0
2541,sc1,1,0.0
2542,sc1,1,0.0
2543,sc1,1,0.0
2544,sc1,1,0.0
2545,sc1,1,0.0
2546,sc1,1,0.0
2547,sc1,1,0.0
2548,sc1,1,0.0
2549,sc1,1,0.0
2550,sc1,1,0.0
2551,sc1,1,0.0
2552,sc1,1,0.0
2553,sc1,1,0.0
2554,sc1,1,0.0
2555,sc1,1,0.0
2556,sc1,1,0.0
2557,sc1,1,0.0
2558,sc1,1,0.0
2559,sc1,1,0.0
2560,sc1,1,0.0
2561,sc1,1,0.0
2562,sc1,1,0.0
2563,sc1,1,0.0
2564,sc1,1,0.0
2565,sc1,1,0.0
2566,sc1,1,0.0
2567,sc1,1,0.0
2568,sc1,1,0.0
2569,sc1,1,0.0
2570,sc1,1,0.0
2571,sc1,1,0.0
2572,sc1,1,0.0
2573,sc1,1,0.0
2574,sc1,1,0.0
2575,sc1,1,0.0
2576,sc1,1,0.0
2577,sc1,1,0.0
2578,sc1,1,0.0
2579,sc1,1,0.0
2580,sc1,1,0.0
2581,sc1,1,0.0
2582,sc1,1,0.0
2583,sc1,1,0.0
2584,sc1,1,0.0
2585,sc1,1,0.0
2586,sc1,1,0.0
2587,sc1,1,0.0
2588,sc1,1,0.0
2589,sc1,1,0.0
2590,sc1,1,0.0
2591,sc1,1,0.0
2592,sc1,1,0.0
2593,sc1,1,0.0
2594,sc1,1,0.0
2595,sc1,1,0.0
2596,sc1,1,0.0
2597,sc1,1,0.0
2598,sc1,1,0.0
2599,sc1,1,0.0
2600,sc1,1,0.0
2601,sc1,1,0.0
2602,sc1,1,0.0
2603,sc1,1,0.0
2604,sc1,1,0.0
2605,sc1,1,0.0
2606,sc1,1,0.0
2607,sc1,1,0.0
2608,sc1,1,0.0
2609,sc1,1,0.0
2610,sc1,1,0.0
2611,sc1,1,0.0
2612,sc1,1,0.0
2613,sc1,1,0.0
2614,sc1,1,0.0
2615,sc1,1,0.0
2616,sc1,1,0.0
2617,sc1,1,0.0
2618,sc1,1,0.0
2619,sc1,1,0.0
2620,sc1,1,0.0
2621,sc1,1,0.0
2622,sc1,1,0.0
2623,sc1,1,0.0
2624,sc1,1,0.0
2625,sc1,1,0.0
2626,sc1,1,0.0
2627,sc1,1,0.0
2628,sc1,1,0.0
2629,sc1,1,0.0
2630,sc1,1,0.0
2631,sc1,1,0.0
2632,sc1,1,0.0
2633,sc1,1,0.0
2634,sc1,1,0.0
2635,sc1,1,0.0
2636,sc1,1,0.0
2637,sc1,1,0.0
2638,sc1,1,0.0
2639,sc1,1,0.0
2640,sc1,1,0.0
2641,sc1,1,0.0
2642,sc1,1,0.0
2643,sc1,1,0.0
2644,sc1,1,0.0
2645,sc1,1,0.0
2646,sc1,1,0.0
2647,sc1,1,0.0
2648,sc1,1,0.0
2649,sc1,1,0.0
2650,sc1,1,0.0
2651,sc1,1,0.0
2652,sc1,1,0.0
2653,sc1,1,0.0
2654,sc1,1,0.0
2655,sc1,1,0.0
2656,sc1,1,0.0
2657,sc1,1,0.0
2658,sc1,1,0.0
2659,sc1,1,0.0
2660,sc1,1,0.0
2661,sc1,1,0.0
2662,sc1,1,0.0
2663,sc1,1,0.0
2664,sc1,1,0.0
2665,sc1,1,0.0
2666,sc1,1,0.0
2667,sc1,1,0.0
2668,sc1,1,0.0
2669,sc1,1,0.0
2670,sc1,1,0.0
2671,sc1,1,0.0
2672,sc1,1,0.0
2673,sc1,1,0.0
2674,sc1,1,0.0
2675,sc1,1,0.0
2676,sc1,1,0.0
2677,sc1,1,0.0
2678,sc1,1,0.0
2679,sc1,1,0.0
2680,sc1,1,0.0
2681,sc1,1,0.0
2682,sc1,1,0.0
2683,sc1,1,0.0
2684,sc1,1,0.0
2685,sc1,1,0.0
2686,sc1,1,0.0
2687,sc1,1,0.0
2688,sc1,1,0.0
2689,sc1,1,0.0
2690,sc1,1,0.0
2691,sc1,1,0.0
2692,sc1,1,0.0
2693,sc1,1,0.0
2694,sc1,1,0.0
2695,sc1,1,0.0
2696,sc1,1,0.0
2697,sc1,1,0.0
2698,sc1,1,0.0
2699,sc1,1,0.0
2700,sc1,1,0.0
2701,sc1,1,0.0
2702,sc1,1,0.0
2703,sc1,1,0.0
2704,sc1,1,0.0
2705,sc1,1,0.0
2706,sc1,1,0.0
2707,sc1,1,0.0
2708,sc1,1,0.0
2709,sc1,1,0.0
2710,sc1,1,0.0
2711,sc1,1,0.0
2712,sc1,1,0.0
2713,sc1,1,0.0
2714,sc1,1,0.0
2715,sc1,1,0.0
2716,sc1,1,0.0
2717,sc1,1,0.0
2718,sc1,1,0.0
2719,sc1,1,0.0
2720,sc1,1,0.0
2721,sc1,1,0.0
2722,sc1,1,0.0
2723,sc1,1,0.0
2724,sc1,1,0.0
2725,sc1,1,0.0
2726,sc1,1,0.0
2727,sc1,1,0.0
2728,sc1,1,0.0
2729,sc1,1,0.0
2730,sc1,1,0.0
2731,sc1,1,0.0
2732,sc1,1,0.0
2733,sc1,1,0.0
2734,sc1,1,0.0
2735,sc1,1,0.0
2736,sc1,1,0.0
2737,sc1,1,0.0
2738,sc1,1,0.0
2739,sc1,1,0.0
2740,sc1,1,0.0
2741,sc1,1,0.0
2742,sc1,1,0.0
2743,sc1,1,0.0
2744,sc1,1,0.0
2745,sc1,1,0.0
2746,sc1,1,0.0
2747,sc1,1,0.0
2748,sc1,1,0.0
2749,sc1,1,0.0
2750,sc1,1,0.0
2751,sc1,1,0.0
2752,sc1,1,0.0
2753,sc1,1,0.0
2754,sc1,1,0.0
2755,sc1,1,0.0
2756,sc1,1,0.0
2757,sc1,1,0.0
2758,sc1,1,0.0
2759,sc1,1,0.0
2760,sc1,1,0.0
2761,sc1,1,0.0
2762,sc1,1,0.0
2763,sc1,1,0.0
2764,sc1,1,0.0
2765,sc1,1,0.0
2766,sc1,1,0.0
2767,sc1,1,0.0
2768,sc1,1,0.0
2769,sc1,1,0.0
2770,sc1,1,0.0
2771,sc1,1,0.0
2772,sc1,1,0.0
2773,sc1,1,0.0
2774,sc1,1,0.0
2775,sc1,1,0.0
2776,sc1,1,0.0
2777,sc1,1,0.0
2778,sc1,1,0.0
2779,sc1,1,0.0
2780,sc1,1,0.0
2781,sc1,1,0.0
2782,sc1,1,0.0
2783,sc1,1,0.0
2784,sc1,1,0.0
2785,sc1,1,0.0
2786,sc1,1,0.0
2787,sc1,1,0.0
2788,sc1,1,0.0
2789,sc1,1,0.0
2790,sc1,1,0.0
2791,sc1,1,0.0
2792,sc1,1,0.0
2793,sc1,1,0.0
2794,sc1,1,0.0
2795,sc1,1,0.0
2796,sc1,1,0.0
2797,sc1,1,0.0
2798,sc1,1,0.0
2799,sc1,1,0.0
2800,sc1,1,0.0
2801,sc1,1,0.0
2802,sc1,1,0.0
2803,sc1,1,0.0
2804,sc1,1,0.0
2805,sc1,1,0.0
2806,sc1,1,0.0
2807,sc1,1,0.0
2808,sc1,1,0.0
2809,sc1,1,0.0
2810,sc1,1,0.0
2811,sc1,1,0.0
2812,sc1,1,0.0
2813,sc1,1,0.0
2814,sc1,1,0.0
2815,sc1,1,0.0
2816,sc1,1,0.0
2817,sc1,1,0.0
2818,sc1,1,0.0
2819,sc1,1,0.0
2820,sc1,1,0.0
2821,sc1,1,0.0
2822,sc1,1,0.0
2823,sc1,1,0.0
2824,sc1,1,0.0
2825,sc1,1,0.0
2826,sc1,1,0.0
2827,sc1,1,0.0
2828,sc1,1,0.0
2829,sc1,1,0.0
2830,sc1,1,0.0
2831,sc1,1,0.0
2832,sc1,1,0.0
2833,sc1,1,0.0
2834,sc1,1,0.0
2835,sc1,1,0.0
2836,sc1,1,0.0
2837,sc1,1,0.0
2838,sc1,1,0.0
2839,sc1,1,0.0
2840,sc1,1,0.0
2841,sc1,1,0.0
2842,sc1,1,0.0
2843,sc1,1,0.0
2844,sc1,1,0.0
2845,sc1,1,0.0
2846,sc1,1,0.0
2847,sc1,1,0.0
2848,sc1,1,0.0
2849,sc1,1,0.0
2850,sc1,1,0.0
2851,sc1,1,0.0
2852,sc1,1,0.0
2853,sc1,1,0.0
2854,sc1,1,0.0
2855,sc1,1,0.0
2856,sc1,1,0.0
2857,sc1,1,0.0
2858,sc1,1,0.0
2859,sc1,1,0.0
2860,sc1,1,0.0
2861,sc1,1,0.0
2862,sc1,1,0.0
2863,sc1,1,0.0
2864,sc1,1,0.0
2865,sc1,1,0.0
2866,sc1,1,0.0
2867,sc1,1,0.0
2868,sc1,1,0.0
2869,sc1,1,0.0
2870,sc1,1,0.0
2871,sc1,1,0.0
2872,sc1,1,0.0
2873,sc1,1,0.0
2874,sc1,1,0.0
2875,sc1,1,0.0
2876,sc1,1,0.0
2877,sc1,1,0.0
2878,sc1,1,0.0
2879,sc1,1,0.0
2880,sc1,1,0.0
2881,sc1,1,0.0
2882,sc1,1,0.0
2883,sc1,1,0.0
2884,sc1,1,0.0
2885,sc1,1,0.0
2886,sc1,1,0.0
2887,sc1,1,0.0
2888,sc1,1,0.0
2889,sc1,1,0.0
2890,sc1,1,0.0
2891,sc1,1,0.0
2892,sc1,1,0.0
2893,sc1,1,0.0
2894,sc1,1,0.0
2895,sc1,1,0.0
2896,sc1,1,0.0
2897,sc1,1,0.0
2898,sc1,1,0.0
2899,sc1,1,0.0
2900,sc1,1,0.0
2901,sc1,1,0.0
2902,sc1,1,0.0
2903,sc1,1,0.0
2904,sc1,1,0.0
2905,sc1,1,0.0
2906,sc1,1,0.0
2907,sc1,1,0.0
2908,sc1,1,0.0
2909,sc1,1,0.0
2910,sc1,1,0.0
2911,sc1,1,0.0
2912,sc1,1,0.0
2913,sc1,1,0.0
2914,sc1,1,0.0
2915,sc1,1,0.0
2916,sc1,1,0.0
2917,sc1,1,0.0
2918,sc1,1,0.0
2919,sc1,1,0.0
2920,sc1,1,0.0
2921,sc1,1,0.0
2922,sc1,1,0.0
2923,sc1,1,0.0
2924,sc1,1,0.0
2925,sc1,1,0.0
2926,sc1,1,0.0
2927,sc1,1,0.0
2928,sc1,1,0.0
2929,sc1,1,0.0
2930,sc1,1,0.0
2931,sc1,1,0.0
2932,sc1,1,0.0
2933,sc1,1,0.0
2934,sc1,1,0.0
2935,sc1,1,0.0
2936,sc1,1,0.0
2937,sc1,1,0.0
2938,sc1,1,0.0
2939,sc1,1,0.0
2940,sc1,1,0.0
2941,sc1,1,0.0
2942,sc1,1,0.0
2943,sc1,1,0.0
2944,sc1,1,0.0
2945,sc1,1,0.0
2946,sc1,1,0.0
2947,sc1,1,0.0
2948,sc1,1,0.0
2949,sc1,1,0.0
2950,sc1,1,0.0
2951,sc1,1,0.0
2952,sc1,1,0.0
2953,sc1,1,0.0
2954,sc1,1,0.0
2955,sc1,1,0.0
2956,sc1,1,0.0
2957,sc1,1,0.0
2958,sc1,1,0.0
2959,sc1,1,0.0
2960,sc1,1,0.0
2961,sc1,1,0.0
2962,sc1,1,0.0
2963,sc1,1,0.0
2964,sc1,1,0.0
2965,sc1,1,0.0
2966,sc1,1,0.0
2967,sc1,1,0.0
2968,sc1,1,0.0
2969,sc1,1,0.0
2970,sc1,1,0.0
2971,sc1,1,0.0
2972,sc1,1,0.0
2973,sc1,1,0.0
2974,sc1,1,0.0
2975,sc1,1,0.0
2976,sc1,1,0.0
2977,sc1,1,0.0
2978,sc1,1,0.0
2979,sc1,1,0.0
2980,sc1,1,0.0
2981,sc1,1,0.0
2982,sc1,1,0.0
2983,sc1,1,0.0
2984,sc1,1,0.0
2985,sc1,1,0.0
2986,sc1,1,0.0
2987,sc1,1,0.0
2988,sc1,1,0.0
2989,sc1,1,0.0
2990,sc1,1,0.0
2991,sc1,1,0.0
2992,sc1,1,0.0
2993,sc1,1,0.0
2994,sc1,1,0.0
2995,sc1,1,0.0
2996,sc1,1,0.0
2997,sc1,1,0.0
2998,sc1,1,0.0
2999,sc1,1,0.0
3000,sc1,1,0.0
3001,sc1,1,0.0
3002,sc1,1,0.0
3003,sc1,1,0.0
3004,sc1,1,0.0
3005,sc1,1,0.0
3006,sc1,1,0.0
3007,sc1,1,0.0
3008,sc1,1,0.0
3009,sc1,1,0.0
3010,sc1,1,0.0
3011,sc1,1,0.0
3012,sc1,1,0.0
3013,sc1,1,0.0
3014,sc1,1,0.0
3015,sc1,1,0.0
3016,sc1,1,0.0
3017,sc1,1,0.0
3018,sc1,1,0.0
3019,sc1,1,0.0
3020,sc1,1,0.0
3021,sc1,1,0.0
3022,sc1,1,0.0
3023,sc1,1,0.0
3024,sc1,1,0.0
3025,sc1,1,0.0
3026,sc1,1,0.0
3027,sc1,1,0.0
3028,sc1,1,0.0
3029,sc1,1,0.0
3030,sc1,1,0.0
3031,sc1,1,0.0
3032,sc1,1,0.0
3033,sc1,1,0.0
3034,sc1,1,0.0
3035,sc1,1,0.0
3036,sc1,1,0.0
3037,sc1,1,0.0
3038,sc1,1,0.0
3039,sc1,1,0.0
3040,sc1,1,0.0
3041,sc1,1,0.0
3042,sc1,1,0.0
3043,sc1,1,0.0
3044,sc1,1,0.0
3045,sc1,1,0.0
3046,sc1,1,0.0
3047,sc1,1,0.0
3048,sc1,1,0.0
3049,sc1,1,0.0
3050,sc1,1,0.0
3051,sc1,1,0.0
3052,sc1,1,0.0
3053,sc1,1,0.0
3054,sc1,1,0.0
3055,sc1,1,0.0
3056,sc1,1,0.0
3057,sc1,1,0.0
3058,sc1,1,0.0
3059,sc1,1,0.0
3060,sc1,1,0.0
3061,sc1,1,0.0
3062,sc1,1,0.0
3063,sc1,1,0.0
3064,sc1,1,0.0
3065,sc1,1,0.0
3066,sc1,1,0.0
3067,sc1,1,0.0
3068,sc1,1,0.0
3069,sc1,1,0.0
3070,sc1,1,0.0
3071,sc1,1,0.0
3072,sc1,1,0.0
3073,sc1,1,0.0
3074,sc1,1,0.0
3075,sc1,1,0.0
3076,sc1,1,0.0
3077,sc1,1,0.0
3078,sc1,1,0.0
3079,sc1,1,0.0
3080,sc1,1,0.0
3081,sc1,1,0.0
3082,sc1,1,0.0
3083,sc1,1,0.0
3084,sc1,1,0.0
3085,sc1,1,0.0
3086,sc1,1,0.0
3087,sc1,1,0.0
3088,sc1,1,0.0
3089,sc1,1,0.0
3090,sc1,1,0.0
3091,sc1,1,0.0
3092,sc1,1,0.0
3093,sc1,1,0.0
3094,sc1,1,0.0
3095,sc1,1,0.0
3096,sc1,1,0.0
3097,sc1,1,0.0
3098,sc1,1,0.0
3099,sc1,1,0.0
3100,sc1,1,0.0
3101,sc1,1,0.0
3102,sc1,1,0.0
3103,sc1,1,0.0
3104,sc1,1,0.0
3105,sc1,1,0.0
3106,sc1,1,0.0
3107,sc1,1,0.0
3108,sc1,1,0.0
3109,sc1,1,0.0
3110,sc1,1,0.0
3111,sc1,1,0.0
3112,sc1,1,0.0
3113,sc1,1,0.0
3114,sc1,1,0.0
3115,sc1,1,0.0
3116,sc1,1,0.0
3117,sc1,1,0.0
3118,sc1,1,0.0
3119,sc1,1,0.0
3120,sc1,1,0.0
3121,sc1,1,0.0
3122,sc1,1,0.0
3123,sc1,1,0.0
3124,sc1,1,0.0
3125,sc1,1,0.0
3126,sc1,1,0.0
3127,sc1,1,0.0
3128,sc1,1,0.0
3129,sc1,1,0.0
3130,sc1,1,0.0
3131,sc1,1,0.0
3132,sc1,1,0.0
3133,sc1,1,0.0
3134,sc1,1,0.0
3135,sc1,1,0.0
3136,sc1,1,0.0
3137,sc1,1,0.0
3138,sc1,1,0.0
3139,sc1,1,0.0
3140,sc1,1,0.0
3141,sc1,1,0.0
3142,sc1,1,0.0
3143,sc1,1,0.0
3144,sc1,1,0.0
3145,sc1,1,0.0
3146,sc1,1,0.0
3147,sc1,1,0.0
3148,sc1,1,0.0
3149,sc1,1,0.0
3150,sc1,1,0.0
3151,sc1,1,0.0
3152,sc1,1,0.0
3153,sc1,1,0.0
3154,sc1,1,0.0
3155,sc1,1,0.0
3156,sc1,1,0.0
3157,sc1,1,0.0
3158,sc1,1,0.0
3159,sc1,1,0.0
3160,sc1,1,0.0
3161,sc1,1,0.0
3162,sc1,1,0.0
3163,sc1,1,0.0
3164,sc1,1,0.0
3165,sc1,1,0.0
3166,sc1,1,0.0
3167,sc1,1,0.0
3168,sc1,1,0.0
3169,sc1,1,0.0
3170,sc1,1,0.0
3171,sc1,1,0.0
3172,sc1,1,0.0
3173,sc1,1,0.0
3174,sc1,1,0.0
3175,sc1,1,0.0
3176,sc1,1,0.0
3177,sc1,1,0.0
3178,sc1,1,0.0
3179,sc1,1,0.0
3180,sc1,1,0.0
3181,sc1,1,0.0
3182,sc1,1,0.0
3183,sc1,1,0.0
3184,sc1,1,0.0
3185,sc1,1,0.0
3186,sc1,1,0.0
3187,sc1,1,0.0
3188,sc1,1,0.0
3189,sc1,1,0.0
3190,sc1,1,0.0
3191,sc1,1,0.0
3192,sc1,1,0.0
3193,sc1,1,0.0
3194,sc1,1,0.0
3195,sc1,1,0.0
3196,sc1,1,0.0
3197,sc1,1,0.0
3198,sc1,1,0.0
3199,sc1,1,0.0
3200,sc1,1,0.0
3201,sc1,1,0.0
3202,sc1,1,0.0
3203,sc1,1,0.0
3204,sc1,1,0.0
3205,sc1,1,0.0
3206,sc1,1,0.0
3207,sc1,1,0.0
3208,sc1,1,0.0
3209,sc1,1,0.0
3210,sc1,1,0.0
3211,sc1,1,0.0
3212,sc1,1,0.0
3213,sc1,1,0.0
3214,sc1,1,0.0
3215,sc1,1,0.0
3216,sc1,1,0.0
3217,sc1,1,0.0
3218,sc1,1,0.0
3219,sc1,1,0.0
3220,sc1,1,0.0
3221,sc1,1,0.0
3222,sc1,1,0.0
3223,sc1,1,0.0
3224,sc1,1,0.0
3225,sc1,1,0.0
3226,sc1,1,0.0
3227,sc1,1,0.0
3228,sc1,1,0.0
3229,sc1,1,0.0
3230,sc1,1,0.0
3231,sc1,1,0.0
3232,sc1,1,0.0
3233,sc1,1,0.0
3234,sc1,1,0.0
3235,sc1,1,0.0
3236,sc1,1,0.0
3237,sc1,1,0.0
3238,sc1,1,0.0
3239,sc1,1,0.0
3240,sc1,1,0.0
3241,sc1,1,0.0
3242,sc1,1,0.0
3243,sc1,1,0.0
3244,sc1,1,0.0
3245,sc1,1,0.0
3246,sc1,1,0.0
3247,sc1,1,0.0
3248,sc1,1,0.0
3249,sc1,1,0.0
3250,sc1,1,0.0
3251,sc1,1,0.0
3252,sc1,1,0.0
3253,sc1,1,0.0
3254,sc1,1,0.0
3255,sc1,1,0.0
3256,sc1,1,0.0
3257,sc1,1,0.0
3258,sc1,1,0.0
3259,sc1,1,0.0
3260,sc1,1,0.0
3261,sc1,1,0.0
3262,sc1,1,0.0
3263,sc1,1,0.0
3264,sc1,1,0.0
3265,sc1,1,0.0
3266,sc1,1,0.0
3267,sc1,1,0.0
3268,sc1,1,0.0
3269,sc1,1,0.0
3270,sc1,1,0.0
3271,sc1,1,0.0
3272,sc1,1,0.0
3273,sc1,1,0.0
3274,sc1,1,0.0
3275,sc1,1,0.0
3276,sc1,1,0.0
3277,sc1,1,0.0
3278,sc1,1,0.0
3279,sc1,1,0.0
3280,sc1,1,0.0
3281,sc1,1,0.0
3282,sc1,1,0.0
3283,sc1,1,0.0
3284,sc1,1,0.0
3285,sc1,1,0.0
3286,sc1,1,0.0
3287,sc1,1,0.0
3288,sc1,1,0.0
3289,sc1,1,0.0
3290,sc1,1,0.0
3291,sc1,1,0.0
3292,sc1,1,0.0
3293,sc1,1,0.0
3294,sc1,1,0.0
3295,sc1,1,0.0
3296,sc1,1,0.0
3297,sc1,1,0.0
3298,sc1,1,0.0
3299,sc1,1,0.0
3300,sc1,1,0.0
3301,sc1,1,0.0
3302,sc1,1,0.0
3303,sc1,1,0.0
3304,sc1,1,0.0
3305,sc1,1,0.0
3306,sc1,1,0.0
3307,sc1,1,0.0
3308,sc1,1,0.0
3309,sc1,1,0.0
3310,sc1,1,0.0
3311,sc1,1,0.0
3312,sc1,1,0.0
3313,sc1,1,0.0
3314,sc1,1,0.0
3315,sc1,1,0.0
3316,sc1,1,0.0
3317,sc1,1,0.0
3318,sc1,1,0.0
3319,sc1,1,0.0
3320,sc1,1,0.0
3321,sc1,1,0.0
3322,sc1,1,0.0
3323,sc1,1,0.0
3324,sc1,1,0.0
3325,sc1,1,0.0
3326,sc1,1,0.0
3327,sc1,1,0.0
3328,sc1,1,0.0
3329,sc1,1,0.0
3330,sc1,1,0.0
3331,sc1,1,0.0
3332,sc1,1,0.0
3333,sc1,1,0.0
3334,sc1,1,0.0
3335,sc1,1,0.0
3336,sc1,1,0.0
3337,sc1,1,0.0
3338,sc1,1,0.0
3339,sc1,1,0.0
3340,sc1,1,0.0
3341,sc1,1,0.0
3342,sc1,1,0.0
3343,sc1,1,0.0
3344,sc1,1,0.0
3345,sc1,1,0.0
3346,sc1,1,0.0
3347,sc1,1,0.0
3348,sc1,1,0.0
3349,sc1,1,0.0
3350,sc1,1,0.0
3351,sc1,1,0.0
3352,sc1,1,0.0
3353,sc1,1,0.0
3354,sc1,1,0.0
3355,sc1,1,0.0
3356,sc1,1,0.0
3357,sc1,1,0.0
3358,sc1,1,0.0
3359,sc1,1,0.0
3360,sc1,1,0.0
3361,sc1,1,0.0
3362,sc1,1,0.0
3363,sc1,1,0.0
3364,sc1,1,0.0
3365,sc1,1,0.0
3366,sc1,1,0.0
3367,sc1,1,0.0
3368,sc1,1,0.0
3369,sc1,1,0.0
3370,sc1,1,0.0
3371,sc1,1,0.0
3372,sc1,1,0.0
3373,sc1,1,0.0
3374,sc1,1,0.0
3375,sc1,1,0.0
3376,sc1,1,0.0
3377,sc1,1,0.0
3378,sc1,1,0.0
3379,sc1,1,0.0
3380,sc1,1,0.0
3381,sc1,1,0.0
3382,sc1,1,0.0
3383,sc1,1,0.0
3384,sc1,1,0.0
3385,sc1,1,0.0
3386,sc1,1,0.0
3387,sc1,1,0.0
3388,sc1,1,0.0
3389,sc1,1,0.0
3390,sc1,1,0.0
3391,sc1,1,0.0
3392,sc1,1,0.0
3393,sc1,1,0.0
3394,sc1,1,0.0
3395,sc1,1,0.0
3396,sc1,1,0.0
3397,sc1,1,0.0
3398,sc1,1,0.0
3399,sc1,1,0.0
3400,sc1,1,0.0
3401,sc1,1,0.0
3402,sc1,1,0.0
3403,sc1,1,0.0
3404,sc1,1,0.0
3405,sc1,1,0.0
3406,sc1,1,0.0
3407,sc1,1,0.0
3408,sc1,1,0.0
3409,sc1,1,0.0
3410,sc1,1,0.0
3411,sc1,1,0.0
3412,sc1,1,0.0
3413,sc1,1,0.0
3414,sc1,1,0.0
3415,sc1,1,0.0
3416,sc1,1,0.0
3417,sc1,1,0.0
3418,sc1,1,0.0
3419,sc1,1,0.0
3420,sc1,1,0.0
3421,sc1,1,0.0
3422,sc1,1,0.0
3423,sc1,1,0.0
3424,sc1,1,0.0
3425,sc1,1,0.0
3426,sc1,1,0.0
3427,sc1,1,0.0
3428,sc1,1,0.0
3429,sc1,1,0.0
3430,sc1,1,0.0
3431,sc1,1,0.0
3432,sc1,1,0.0
3433,sc1,1,0.0
3434,sc1,1,0.0
3435,sc1,1,0.0
3436,sc1,1,0.0
3437,sc1,1,0.0
3438,sc1,1,0.0
3439,sc1,1,0.0
3440,sc1,1,0.0
3441,sc1,1,0.0
3442,sc1,1,0.0
3443,sc1,1,0.0
3444,sc1,1,0.0
3445,sc1,1,0.0
3446,sc1,1,0.0
3447,sc1,1,0.0
3448,sc1,1,0.0
3449,sc1,1,0.0
3450,sc1,1,0.0
3451,sc1,1,0.0
3452,sc1,1,0.0
3453,sc1,1,0.0
3454,sc1,1,0.0
3455,sc1,1,0.0
3456,sc1,1,0.0
3457,sc1,1,0.0
3458,sc1,1,0.0
3459,sc1,1,0.0
3460,sc1,1,0.0
3461,sc1,1,0.0
3462,sc1,1,0.0
3463,sc1,1,0.0
3464,sc1,1,0.0
3465,sc1,1,0.0
3466,sc1,1,0.0
3467,sc1,1,0.0
3468,sc1,1,0.0
3469,sc1,1,0.0
3470,sc1,1,0.0
3471,sc1,1,0.0
3472,sc1,1,0.0
3473,sc1,1,0.0
3474,sc1,1,0.0
3475,sc1,1,0.0
3476,sc1,1,0.0
3477,sc1,1,0.0
3478,sc1,1,0.0
3479,sc1,1,0.0
3480,sc1,1,0.0
3481,sc1,1,0.0
3482,sc1,1,0.0
3483,sc1,1,0.0
3484,sc1,1,0.0
3485,sc1,1,0.0
3486,sc1,1,0.0
3487,sc1,1,0.0
3488,sc1,1,0.0
3489,sc1,1,0.0
3490,sc1,1,0.0
3491,sc1,1,0.0
3492,sc1,1,0.0
3493,sc1,1,0.0
3494,sc1,1,0.0
3495,sc1,1,0.0
3496,sc1,1,0.0
3497,sc1,1,0.0
3498,sc1,1,0.0
3499,sc1,1,0.0
3500,sc1,1,0.0
3501,sc1,1,0.0
3502,sc1,1,0.0
3503,sc1,1,0.0
3504,sc1,1,0.0
3505,sc1,1,0.0
3506,sc1,1,0.0
3507,sc1,1,0.0
3508,sc1,1,0.0
3509,sc1,1,0.0
3510,sc1,1,0.0
3511,sc1,1,0.0
3512,sc1,1,0.0
3513,sc1,1,0.0
3514,sc1,1,0.0
3515,sc1,1,0.0
3516,sc1,1,0.0
3517,sc1,1,0.0
3518,sc1,1,0.0
3519,sc1,1,0.0
3520,sc1,1,0.0
3521,sc1,1,0.0
3522,sc1,1,0.0
3523,sc1,1,0.0
3524,sc1,1,0.0
3525,sc1,1,0.0
3526,sc1,1,0.0
3527,sc1,1,0.0
3528,sc1,1,0.0
3529,sc1,1,0.0
3530,sc1,1,0.0
3531,sc1,1,0.0
3532,sc1,1,0.0
3533,sc1,1,0.0
3534,sc1,1,0.0
3535,sc1,1,0.0
3536,sc1,1,0.0
3537,sc1,1,0.0
3538,sc1,1,0.0
3539,sc1,1,0.0
3540,sc1,1,0.0
3541,sc1,1,0.0
3542,sc1,1,0.0
3543,sc1,1,0.0
3544,sc1,1,0.0
3545,sc1,1,0.0
3546,sc1,1,0.0
3547,sc1,1,0.0
3548,sc1,1,0.0
3549,sc1,1,0.0
3550,sc1,1,0.0
3551,sc1,1,0.0
3552,sc1,1,0.0
3553,sc1,1,0.0
3554,sc1,1,0.0
3555,sc1,1,0.0
3556,sc1,1,0.0
3557,sc1,1,0.0
3558,sc1,1,0.0
3559,sc1,1,0.0
3560,sc1,1,0.0
3561,sc1,1,0.0
3562,sc1,1,0.0
3563,sc1,1,0.0
3564,sc1,1,0.0
3565,sc1,1,0.0
3566,sc1,1,0.0
3567,sc1,1,0.0
3568,sc1,1,0.0
3569,sc1,1,0.0
3570,sc1,1,0.0
3571,sc1,1,0.0
3572,sc1,1,0.0
3573,sc1,1,0.0
3574,sc1,1,0.0
3575,sc1,1,0.0
3576,sc1,1,0.0
3577,sc1,1,0.0
3578,sc1,1,0.0
3579,sc1,1,0.0
3580,sc1,1,0.0
3581,sc1,1,0.0
3582,sc1,1,0.0
3583,sc1,1,0.0
3584,sc1,1,0.0
3585,sc1,1,0.0
3586,sc1,1,0.0
3587,sc1,1,0.0
3588,sc1,1,0.0
3589,sc1,1,0.0
3590,sc1,1,0.0
3591,sc1,1,0.0
3592,sc1,1,0.0
3593,sc1,1,0.0
3594,sc1,1,0.0
3595,sc1,1,0.0
3596,sc1,1,0.0
3597,sc1,1,0.0
3598,sc1,1,0.0
3599,sc1,1,0.0
3600,sc1,1,0.0
3601,sc1,1,0.0
3602,sc1,1,0.0
3603,sc1,1,0.0
3604,sc1,1,0.0
3605,sc1,1,0.0
3606,sc1,1,0.0
3607,sc1,1,0.0
3608,sc1,1,0.0
3609,sc1,1,0.0
3610,sc1,1,0.0
3611,sc1,1,0.0
3612,sc1,1,0.0
3613,sc1,1,0.0
3614,sc1,1,0.0
3615,sc1,1,0.0
3616,sc1,1,0.0
3617,sc1,1,0.0
3618,sc1,1,0.0
3619,sc1,1,0.0
3620,sc1,1,0.0
3621,sc1,1,0.0
3622,sc1,1,0.0
3623,sc1,1,0.0
3624,sc1,1,0.0
3625,sc1,1,0.0
3626,sc1,1,0.0
3627,sc1,1,0.0
3628,sc1,1,0.0
3629,sc1,1,0.0
3630,sc1,1,0.0
3631,sc1,1,0.0
3632,sc1,1,0.0
3633,sc1,1,0.0
3634,sc1,1,0.0
3635,sc1,1,0.0
3636,sc1,1,0.0
3637,sc1,1,0.0
3638,sc1,1,0.0
3639,sc1,1,0.0
3640,sc1,1,0.0
3641,sc1,1,0.0
3642,sc1,1,0.0
3643,sc1,1,0.0
3644,sc1,1,0.0
3645,sc1,1,0.0
3646,sc1,1,0.0
3647,sc1,1,0.0
3648,sc1,1,0.0
3649,sc1,1,0.0
3650,sc1,1,0.0
3651,sc1,1,0.0
3652,sc1,1,0.0
3653,sc1,1,0.0
3654,sc1,1,0.0
3655,sc1,1,0.0
3656,sc1,1,0.0
3657,sc1,1,0.0
3658,sc1,1,0.0
3659,sc1,1,0.0
3660,sc1,1,0.0
3661,sc1,1,0.0
3662,sc1,1,0.0
3663,sc1,1,0.0
3664,sc1,1,0.0
3665,sc1,1,0.0
3666,sc1,1,0.0
3667,sc1,1,0.0
3668,sc1,1,0.0
3669,sc1,1,0.0
3670,sc1,1,0.0
3671,sc1,1,0.0
3672,sc1,1,0.0
3673,sc1,1,0.0
3674,sc1,1,0.0
3675,sc1,1,0.0
3676,sc1,1,0.0
3677,sc1,1,0.0
3678,sc1,1,0.0
3679,sc1,1,0.0
3680,sc1,1,0.0
3681,sc1,1,0.0
3682,sc1,1,0.0
3683,sc1,1,0.0
3684,sc1,1,0.0
3685,sc1,1,0.0
3686,sc1,1,0.0
3687,sc1,1,0.0
3688,sc1,1,0.0
3689,sc1,1,0.0
3690,sc1,1,0.0
3691,sc1,1,0.0
3692,sc1,1,0.0
3693,sc1,1,0.0
3694,sc1,1,0.0
3695,sc1,1,0.0
3696,sc1,1,0.0
3697,sc1,1,0.0
3698,sc1,1,0.0
3699,sc1,1,0.0
3700,sc1,1,0.0
3701,sc1,1,0.0
3702,sc1,1,0.0
3703,sc1,1,0.0
3704,sc1,1,0.0
3705,sc1,1,0.0
3706,sc1,1,0.0
3707,sc1,1,0.0
3708,sc1,1,0.0
3709,sc1,1,0.0
3710,sc1,1,0.0
3711,sc1,1,0.0
3712,sc1,1,0.0
3713,sc1,1,0.0
3714,sc1,1,0.0
3715,sc1,1,0.0
3716,sc1,1,0.0
3717,sc1,1,0.0
3718,sc1,1,0.0
3719,sc1,1,0.0
3720,sc1,1,0.0
3721,sc1,1,0.0
3722,sc1,1,0.0
3723,sc1,1,0.0
3724,sc1,1,0.0
3725,sc1,1,0.0
3726,sc1,1,0.0
3727,sc1,1,0.0
3728,sc1,1,0.0
3729,sc1,1,0.0
3730,sc1,1,0.0
3731,sc1,1,0.0
3732,sc1,1,0.0
3733,sc1,1,0.0
3734,sc1,1,0.0
3735,sc1,1,0.0
3736,sc1,1,0.0
3737,sc1,1,0.0
3738,sc1,1,0.0
3739,sc1,1,0.0
3740,sc1,1,0.0
3741,sc1,1,0.0
3742,sc1,1,0.0
3743,sc1,1,0.0
3744,sc1,1,0.0
3745,sc1,1,0.0
3746,sc1,1,0.0
3747,sc1,1,0.0
3748,sc1,1,0.0
3749,sc1,1,0.0
3750,sc1,1,0.0
3751,sc1,1,0.0
3752,sc1,1,0.0
3753,sc1,1,0.0
3754,sc1,1,0.0
3755,sc1,1,0.0
3756,sc1,1,0.0
3757,sc1,1,0.0
3758,sc1,1,0.0
3759,sc1,1,0.0
3760,sc1,1,0.0
3761,sc1,1,0.0
3762,sc1,1,0.0
3763,sc1,1,0.0
3764,sc1,1,0.0
3765,sc1,1,0.0
3766,sc1,1,0.0
3767,sc1,1,0.0
3768,sc1,1,0.0
3769,sc1,1,0.0
3770,sc1,1,0.0
3771,sc1,1,0.0
3772,sc1,1,0.0
3773,sc1,1,0.0
3774,sc1,1,0.0
3775,sc1,1,0.0
3776,sc1,1,0.0
3777,sc1,1,0.0
3778,sc1,1,0.0
3779,sc1,1,0.0
3780,sc1,1,0.0
3781,sc1,1,0.0
3782,sc1,1,0.0
3783,sc1,1,0.0
3784,sc1,1,0.0
3785,sc1,1,0.0
3786,sc1,1,0.0
3787,sc1,1,0.0
3788,sc1,1,0.0
3789,sc1,1,0.0
3790,sc1,1,0.0
3791,sc1,1,0.0
3792,sc1,1,0.0
3793,sc1,1,0.0
3794,sc1,1,0.0
3795,sc1,1,0.0
3796,sc1,1,0.0
3797,sc1,1,0.0
3798,sc1,1,0.0
3799,sc1,1,0.0
3800,sc1,1,0.0
3801,sc1,1,0.0
3802,sc1,1,0.0
3803,sc1,1,0.0
3804,sc1,1,0.0
3805,sc1,1,0.0
3806,sc1,1,0.0
3807,sc1,1,0.0
3808,sc1,1,0.0
3809,sc1,1,0.0
3810,sc1,1,0.0
3811,sc1,1,0.0
3812,sc1,1,0.0
3813,sc1,1,0.0
3814,sc1,1,0.0
3815,sc1,1,0.0
3816,sc1,1,0.0
3817,sc1,1,0.0
3818,sc1,1,0.0
3819,sc1,1,0.0
3820,sc1,1,0.0
3821,sc1,1,0.0
3822,sc1,1,0.0
3823,sc1,1,0.0
3824,sc1,1,0.0
3825,sc1,1,0.0
3826,sc1,1,0.0
3827,sc1,1,0.0
3828,sc1,1,0.0
3829,sc1,1,0.0
3830,sc1,1,0.0
3831,sc1,1,0.0
3832,sc1,1,0.0
3833,sc1,1,0.0
3834,sc1,1,0.0
3835,sc1,1,0.0
3836,sc1,1,0.0
3837,sc1,1,0.0
3838,sc1,1,0.0
3839,sc1,1,0.0
3840,sc1,1,0.0
3841,sc1,1,0.0
3842,sc1,1,0.0
3843,sc1,1,0.0
3844,sc1,1,0.0
3845,sc1,1,0.0
3846,sc1,1,0.0
3847,sc1,1,0.0
3848,sc1,1,0.0
3849,sc1,1,0.0
3850,sc1,1,0.0
3851,sc1,1,0.0
3852,sc1,1,0.0
3853,sc1,1,0.0
3854,sc1,1,0.0
3855,sc1,1,0.0
3856,sc1,1,0.0
3857,sc1,1,0.0
3858,sc1,1,0.0
3859,sc1,1,0.0
3860,sc1,1,0.0
3861,sc1,1,0.0
3862,sc1,1,0.0
3863,sc1,1,0.0
3864,sc1,1,0.0
3865,sc1,1,0.0
3866,sc1,1,0.0
3867,sc1,1,0.0
3868,sc1,1,0.0
3869,sc1,1,0.0
3870,sc1,1,0.0
3871,sc1,1,0.0
3872,sc1,1,0.0
3873,sc1,1,0.0
3874,sc1,1,0.0
3875,sc1,1,0.0
3876,sc1,1,0.0
3877,sc1,1,0.0
3878,sc1,1,0.0
3879,sc1,1,0.0
3880,sc1,1,0.0
3881,sc1,1,0.0
3882,sc1,1,0.0
3883,sc1,1,0.0
3884,sc1,1,0.0
3885,sc1,1,0.0
3886,sc1,1,0.0
3887,sc1,1,0.0
3888,sc1,1,0.0
3889,sc1,1,0.0
3890,sc1,1,0.0
3891,sc1,1,0.0
3892,sc1,1,0.0
